dataset,column,value,count
booking_2010_2012,bookingID,788589,35
booking_2010_2012,bookingID,903,31
booking_2010_2012,bookingID,90610,31
booking_2010_2012,bookingID,296748,27
booking_2010_2012,bookingID,786207,27
booking_2010_2012,bookingID,236032,26
booking_2010_2012,bookingID,822889,24
booking_2010_2012,bookingID,688213,24
booking_2010_2012,bookingID,25386,23
booking_2010_2012,bookingID,714845,22
booking_2010_2012,jailID,P00066209,117
booking_2010_2012,jailID,P00021017,89
booking_2010_2012,jailID,P00065716,86
booking_2010_2012,jailID,P00242480,83
booking_2010_2012,jailID,P00002630,80
booking_2010_2012,jailID,P00172846,78
booking_2010_2012,jailID,P00221277,76
booking_2010_2012,jailID,P00279019,71
booking_2010_2012,jailID,P00039794,70
booking_2010_2012,jailID,P00209238,66
booking_2010_2012,bookingdate,7/28/2010,391
booking_2010_2012,bookingdate,1/19/2011,387
booking_2010_2012,bookingdate,9/2/2010,384
booking_2010_2012,bookingdate,2/13/2010,379
booking_2010_2012,bookingdate,1/22/2010,378
booking_2010_2012,bookingdate,5/21/2010,376
booking_2010_2012,bookingdate,7/24/2010,373
booking_2010_2012,bookingdate,8/4/2010,372
booking_2010_2012,bookingdate,4/30/2010,368
booking_2010_2012,bookingdate,8/28/2010,365
booking_2010_2012,bookingtime,0:01,476
booking_2010_2012,bookingtime,23:45,384
booking_2010_2012,bookingtime,12:00,379
booking_2010_2012,bookingtime,23:59,376
booking_2010_2012,bookingtime,0:40,376
booking_2010_2012,bookingtime,1:35,373
booking_2010_2012,bookingtime,23:40,370
booking_2010_2012,bookingtime,0:15,365
booking_2010_2012,bookingtime,1:11,356
booking_2010_2012,bookingtime,0:18,352
booking_2010_2012,ReleaseDate,5/6/2011,537
booking_2010_2012,ReleaseDate,12/22/2010,513
booking_2010_2012,ReleaseDate,8/19/2011,507
booking_2010_2012,ReleaseDate,2/18/2011,502
booking_2010_2012,ReleaseDate,7/8/2011,484
booking_2010_2012,ReleaseDate,10/28/2011,479
booking_2010_2012,ReleaseDate,8/26/2011,475
booking_2010_2012,ReleaseDate,10/8/2010,470
booking_2010_2012,ReleaseDate,7/29/2011,470
booking_2010_2012,ReleaseDate,1/21/2011,465
booking_2010_2012,ReleaseTime,8:04,591
booking_2010_2012,ReleaseTime,8:06,579
booking_2010_2012,ReleaseTime,8:01,544
booking_2010_2012,ReleaseTime,8:09,539
booking_2010_2012,ReleaseTime,7:57,539
booking_2010_2012,ReleaseTime,8:10,530
booking_2010_2012,ReleaseTime,8:03,523
booking_2010_2012,ReleaseTime,8:07,519
booking_2010_2012,ReleaseTime,8:05,519
booking_2010_2012,ReleaseTime,7:54,518
booking_2010_2012,HighestBookingCharge,54040009,19360
booking_2010_2012,HighestBookingCharge,2300,18266
booking_2010_2012,HighestBookingCharge,4200,17525
booking_2010_2012,HighestBookingCharge,54990067,14893
booking_2010_2012,HighestBookingCharge,3701,13972
booking_2010_2012,HighestBookingCharge,35620008,12789
booking_2010_2012,HighestBookingCharge,13990031,12223
booking_2010_2012,HighestBookingCharge,35990014,9524
booking_2010_2012,HighestBookingCharge,3299,6816
booking_2010_2012,HighestBookingCharge,4003,6707
booking_2010_2012,ArrestDate,9/2/2010,404
booking_2010_2012,ArrestDate,1/22/2010,396
booking_2010_2012,ArrestDate,5/21/2010,396
booking_2010_2012,ArrestDate,7/28/2010,392
booking_2010_2012,ArrestDate,1/19/2011,391
booking_2010_2012,ArrestDate,8/26/2010,388
booking_2010_2012,ArrestDate,3/26/2010,373
booking_2010_2012,ArrestDate,2/5/2010,372
booking_2010_2012,ArrestDate,4/7/2011,371
booking_2010_2012,ArrestDate,2/19/2010,369
booking_2010_2012,ArrestTime,11:00,2295
booking_2010_2012,ArrestTime,10:00,2261
booking_2010_2012,ArrestTime,13:00,2141
booking_2010_2012,ArrestTime,12:00,2075
booking_2010_2012,ArrestTime,23:00,2003
booking_2010_2012,ArrestTime,10:30,1887
booking_2010_2012,ArrestTime,11:30,1878
booking_2010_2012,ArrestTime,23:30,1865
booking_2010_2012,ArrestTime,22:00,1792
booking_2010_2012,ArrestTime,22:30,1780
booking_2010_2012,ChargeCode,3701,26092
booking_2010_2012,ChargeCode,54040009,21556
booking_2010_2012,ChargeCode,2300,21328
booking_2010_2012,ChargeCode,35620008,15118
booking_2010_2012,ChargeCode,54990067,14043
booking_2010_2012,ChargeCode,13990031,11914
booking_2010_2012,ChargeCode,3299,10723
booking_2010_2012,ChargeCode,3799,9635
booking_2010_2012,ChargeCode,4200,9520
booking_2010_2012,ChargeCode,1818,8092
booking_2010_2012,ChargeDescription,DRIVING WHILE INTOXI,27875
booking_2010_2012,ChargeDescription,TRAFFIC OFFENSE MULT,26092
booking_2010_2012,ChargeDescription,PUBLIC INTOXICATION,21870
booking_2010_2012,ChargeDescription,CITY ORDINANCE VIOLA,15822
booking_2010_2012,ChargeDescription,POSS MARIJ <2OZ (MB),15118
booking_2010_2012,ChargeDescription,DRIVING W/LIC INV W/,14043
booking_2010_2012,ChargeDescription,ASSLT BODILY INJ:FAM,11914
booking_2010_2012,ChargeDescription,TRAFFIC OFFENSE SING,9635
booking_2010_2012,ChargeDescription,INS DETAINER,9520
booking_2010_2012,ChargeDescription,POSS OF DRUG PARA (P,8092
booking_2010_2012,chargedate,8/2/2011,425
booking_2010_2012,chargedate,9/2/2010,383
booking_2010_2012,chargedate,6/4/2010,381
booking_2010_2012,chargedate,1/22/2010,373
booking_2010_2012,chargedate,7/28/2010,372
booking_2010_2012,chargedate,3/5/2010,370
booking_2010_2012,chargedate,9/2/2011,366
booking_2010_2012,chargedate,4/28/2011,365
booking_2010_2012,chargedate,4/30/2010,363
booking_2010_2012,chargedate,2/13/2010,362
booking_2013_2016,bookingID,25370,37
booking_2013_2016,bookingID,862278,31
booking_2013_2016,bookingID,21217,30
booking_2013_2016,bookingID,858112,26
booking_2013_2016,bookingID,866520,26
booking_2013_2016,bookingID,490112,24
booking_2013_2016,bookingID,849659,22
booking_2013_2016,bookingID,904423,22
booking_2013_2016,bookingID,822891,19
booking_2013_2016,bookingID,751279,19
booking_2013_2016,jailID,P00066209,97
booking_2013_2016,jailID,P00160791,95
booking_2013_2016,jailID,P00188125,84
booking_2013_2016,jailID,P00114828,81
booking_2013_2016,jailID,P00186894,79
booking_2013_2016,jailID,P00154374,77
booking_2013_2016,jailID,P00009005,73
booking_2013_2016,jailID,P00004460,72
booking_2013_2016,jailID,P00110899,72
booking_2013_2016,jailID,P00163147,70
booking_2013_2016,bookingdate,4/15/2015,381
booking_2013_2016,bookingdate,8/28/2014,360
booking_2013_2016,bookingdate,8/20/2014,359
booking_2013_2016,bookingdate,4/9/2014,358
booking_2013_2016,bookingdate,9/27/2013,341
booking_2013_2016,bookingdate,8/16/2013,338
booking_2013_2016,bookingdate,4/17/2013,337
booking_2013_2016,bookingdate,8/14/2014,334
booking_2013_2016,bookingdate,9/4/2014,333
booking_2013_2016,bookingdate,1/10/2014,331
booking_2013_2016,bookingtime,0:01,446
booking_2013_2016,bookingtime,0:15,397
booking_2013_2016,bookingtime,0:30,353
booking_2013_2016,bookingtime,11:00,350
booking_2013_2016,bookingtime,12:00,347
booking_2013_2016,bookingtime,1:18,342
booking_2013_2016,bookingtime,23:58,342
booking_2013_2016,bookingtime,23:29,335
booking_2013_2016,bookingtime,1:13,328
booking_2013_2016,bookingtime,23:40,323
booking_2013_2016,ReleaseDate,<MISSING>,7309
booking_2013_2016,ReleaseDate,12/23/2014,448
booking_2013_2016,ReleaseDate,6/27/2014,434
booking_2013_2016,ReleaseDate,9/5/2014,424
booking_2013_2016,ReleaseDate,9/25/2014,419
booking_2013_2016,ReleaseDate,10/8/2015,419
booking_2013_2016,ReleaseDate,9/24/2015,414
booking_2013_2016,ReleaseDate,11/26/2014,402
booking_2013_2016,ReleaseDate,8/22/2014,401
booking_2013_2016,ReleaseDate,12/4/2014,399
booking_2013_2016,ReleaseTime,<MISSING>,7309
booking_2013_2016,ReleaseTime,14:30,1040
booking_2013_2016,ReleaseTime,15:00,899
booking_2013_2016,ReleaseTime,14:00,536
booking_2013_2016,ReleaseTime,21:06,474
booking_2013_2016,ReleaseTime,20:59,459
booking_2013_2016,ReleaseTime,10:02,455
booking_2013_2016,ReleaseTime,21:23,454
booking_2013_2016,ReleaseTime,20:45,452
booking_2013_2016,ReleaseTime,21:00,449
booking_2013_2016,HighestBookingCharge,54040009,20438
booking_2013_2016,HighestBookingCharge,54990067,15147
booking_2013_2016,HighestBookingCharge,2300,13148
booking_2013_2016,HighestBookingCharge,35620008,13007
booking_2013_2016,HighestBookingCharge,35990014,12060
booking_2013_2016,HighestBookingCharge,13990031,12019
booking_2013_2016,HighestBookingCharge,3701,9451
booking_2013_2016,HighestBookingCharge,4200,9074
booking_2013_2016,HighestBookingCharge,50150003,8425
booking_2013_2016,HighestBookingCharge,3299,6925
booking_2013_2016,ArrestDate,8/28/2014,365
booking_2013_2016,ArrestDate,4/15/2015,365
booking_2013_2016,ArrestDate,9/4/2014,360
booking_2013_2016,ArrestDate,10/29/2013,348
booking_2013_2016,ArrestDate,8/20/2014,348
booking_2013_2016,ArrestDate,4/2/2014,340
booking_2013_2016,ArrestDate,10/10/2013,339
booking_2013_2016,ArrestDate,9/27/2013,336
booking_2013_2016,ArrestDate,4/12/2013,335
booking_2013_2016,ArrestDate,8/27/2014,335
booking_2013_2016,ArrestTime,10:00,2336
booking_2013_2016,ArrestTime,11:00,2238
booking_2013_2016,ArrestTime,12:00,2143
booking_2013_2016,ArrestTime,23:00,1975
booking_2013_2016,ArrestTime,13:00,1942
booking_2013_2016,ArrestTime,10:30,1940
booking_2013_2016,ArrestTime,22:00,1822
booking_2013_2016,ArrestTime,14:00,1761
booking_2013_2016,ArrestTime,11:30,1755
booking_2013_2016,ArrestTime,23:30,1698
booking_2013_2016,ChargeCode,54040009,21526
booking_2013_2016,ChargeCode,3701,20599
booking_2013_2016,ChargeCode,35620008,16729
booking_2013_2016,ChargeCode,54990067,16170
booking_2013_2016,ChargeCode,2300,15612
booking_2013_2016,ChargeCode,13990031,11067
booking_2013_2016,ChargeCode,3299,10532
booking_2013_2016,ChargeCode,3799,8932
booking_2013_2016,ChargeCode,35990014,6914
booking_2013_2016,ChargeCode,3998,6759
booking_2013_2016,ChargeDescription,DRIVING WHILE INTOXI,32321
booking_2013_2016,ChargeDescription,TRAFFIC OFFENSE MULT,20599
booking_2013_2016,ChargeDescription,POSS MARIJ <2OZ (MB),16729
booking_2013_2016,ChargeDescription,DRIVING W/LIC INV W/,16170
booking_2013_2016,ChargeDescription,CITY ORDINANCE VIOLA,16039
booking_2013_2016,ChargeDescription,PUBLIC INTOXICATION,15832
booking_2013_2016,ChargeDescription,ASSLT BODILY INJ:FAM,11067
booking_2013_2016,ChargeDescription,TRAFFIC OFFENSE SING,8932
booking_2013_2016,ChargeDescription,POSS CS PG1<1G (FS),6914
booking_2013_2016,ChargeDescription,OUT OF COUNTY MISDEM,6759
booking_2013_2016,chargedate,4/15/2015,360
booking_2013_2016,chargedate,8/28/2014,359
booking_2013_2016,chargedate,4/17/2013,355
booking_2013_2016,chargedate,4/9/2014,344
booking_2013_2016,chargedate,8/14/2014,341
booking_2013_2016,chargedate,9/27/2013,336
booking_2013_2016,chargedate,3/28/2014,335
booking_2013_2016,chargedate,6/17/2014,333
booking_2013_2016,chargedate,9/3/2014,333
booking_2013_2016,chargedate,8/7/2014,331
case_data,StatusDate,4/28/2016,463
case_data,StatusDate,2/17/2016,459
case_data,StatusDate,2/9/2016,454
case_data,StatusDate,3/3/2016,443
case_data,StatusDate,2/18/2016,439
case_data,StatusDate,4/29/2016,438
case_data,StatusDate,4/22/2016,433
case_data,StatusDate,3/22/2016,433
case_data,StatusDate,12/18/2015,428
case_data,StatusDate,3/21/2016,426
case_data,CaseInitiationDate,1/1/1900,1208
case_data,CaseInitiationDate,9/7/2010,487
case_data,CaseInitiationDate,6/1/2010,449
case_data,CaseInitiationDate,7/19/2010,438
case_data,CaseInitiationDate,2/16/2010,433
case_data,CaseInitiationDate,5/28/2013,422
case_data,CaseInitiationDate,7/6/2010,420
case_data,CaseInitiationDate,9/6/2011,413
case_data,CaseInitiationDate,8/5/2013,407
case_data,CaseInitiationDate,7/7/2014,406
case_data,DateCaseEntered,1/14/2007,1208
case_data,DateCaseEntered,9/7/2010,486
case_data,DateCaseEntered,6/1/2010,449
case_data,DateCaseEntered,12/26/2012,441
case_data,DateCaseEntered,7/6/2010,431
case_data,DateCaseEntered,2/16/2010,429
case_data,DateCaseEntered,9/6/2011,415
case_data,DateCaseEntered,5/24/2010,409
case_data,DateCaseEntered,1/23/2012,407
case_data,DateCaseEntered,5/28/2013,403
case_data,ReindictRefile,<MISSING>,263019
case_data,ReindictRefile,Y,8680
case_data,CaseStateIssue,<MISSING>,266897
case_data,CaseStateIssue,STATE DISPOSED/STATUS PENDING CONFLICT,1795
case_data,CaseStateIssue,STATE ACTIVE/STATUS INACTIVE CONFLICT,1323
case_data,CaseStateIssue,STATE PENDING/STATUS DISPOSED CONFLICT,1022
case_data,CaseStateIssue,STATE INACTIVE/STATUS ACTIVE CONFLICT,662
case_data,BookingDate,<MISSING>,10451
case_data,BookingDate,2/5/2014,221
case_data,BookingDate,1/31/2013,211
case_data,BookingDate,8/26/2010,204
case_data,BookingDate,11/15/2013,200
case_data,BookingDate,6/22/2012,188
case_data,BookingDate,4/12/2013,187
case_data,BookingDate,2/13/2010,187
case_data,BookingDate,3/13/2014,187
case_data,BookingDate,8/28/2010,186
case_data,IndictFilingDate,<MISSING>,12580
case_data,IndictFilingDate,4/10/2014,634
case_data,IndictFilingDate,5/21/2010,538
case_data,IndictFilingDate,5/20/2010,511
case_data,IndictFilingDate,2/23/2015,491
case_data,IndictFilingDate,2/10/2015,458
case_data,IndictFilingDate,2/11/2015,445
case_data,IndictFilingDate,2/18/2015,438
case_data,IndictFilingDate,4/16/2014,435
case_data,IndictFilingDate,11/27/2013,411
case_data,ChargeCode,54040009,27296
case_data,ChargeCode,35620008,25040
case_data,ChargeCode,54990067,22767
case_data,ChargeCode,13990031,19438
case_data,ChargeCode,23990067,11356
case_data,ChargeCode,35990014,8351
case_data,ChargeCode,57070010,6746
case_data,ChargeCode,13990001,6610
case_data,ChargeCode,54040010,6557
case_data,ChargeCode,54040014,6457
case_data,ChargeReducedEnhanced,<MISSING>,235086
case_data,ChargeReducedEnhanced,REDUCED,16803
case_data,ChargeReducedEnhanced,REFILED,8680
case_data,ChargeReducedEnhanced,DISM-REFILE_CAUSE_UNKNOWN,4729
case_data,ChargeReducedEnhanced,DISM-REFILE_CAUSE_FOUND,4427
case_data,ChargeReducedEnhanced,DISM-REDUCED-NEW_CAUSE_UNKNOWN,1135
case_data,ChargeReducedEnhanced,DISM-ENHANCED-NEW_CAUSE_UNKNOWN,830
case_data,ChargeReducedEnhanced,ENHANCED,9
case_data,OriginalDispositionPleaDate,<MISSING>,154389
case_data,OriginalDispositionPleaDate,9/10/2010,166
case_data,OriginalDispositionPleaDate,12/18/2015,156
case_data,OriginalDispositionPleaDate,1/23/2015,142
case_data,OriginalDispositionPleaDate,1/25/2013,136
case_data,OriginalDispositionPleaDate,10/16/2015,136
case_data,OriginalDispositionPleaDate,12/20/2012,129
case_data,OriginalDispositionPleaDate,7/12/2012,127
case_data,OriginalDispositionPleaDate,12/17/2015,127
case_data,OriginalDispositionPleaDate,1/21/2011,126
case_data,OriginalDispositionVerdictDate,<MISSING>,240653
case_data,OriginalDispositionVerdictDate,12/18/2015,57
case_data,OriginalDispositionVerdictDate,9/10/2010,49
case_data,OriginalDispositionVerdictDate,10/16/2015,49
case_data,OriginalDispositionVerdictDate,10/10/2014,45
case_data,OriginalDispositionVerdictDate,10/14/2011,45
case_data,OriginalDispositionVerdictDate,12/16/2013,44
case_data,OriginalDispositionVerdictDate,2/23/2012,44
case_data,OriginalDispositionVerdictDate,12/11/2015,44
case_data,OriginalDispositionVerdictDate,8/5/2011,42
case_data,OriginalDispositionDate,<MISSING>,31856
case_data,OriginalDispositionDate,11/14/2014,349
case_data,OriginalDispositionDate,12/18/2015,306
case_data,OriginalDispositionDate,3/23/2012,302
case_data,OriginalDispositionDate,9/10/2010,281
case_data,OriginalDispositionDate,10/24/2013,280
case_data,OriginalDispositionDate,10/16/2015,271
case_data,OriginalDispositionDate,9/9/2011,266
case_data,OriginalDispositionDate,1/17/2014,266
case_data,OriginalDispositionDate,12/20/2013,263
pretrial_charge_interview,PA_MAST_NO,PT14004690,36
pretrial_charge_interview,PA_MAST_NO,PT11003641,30
pretrial_charge_interview,PA_MAST_NO,PT14007124,26
pretrial_charge_interview,PA_MAST_NO,PT11011162,23
pretrial_charge_interview,PA_MAST_NO,PT13010690,23
pretrial_charge_interview,PA_MAST_NO,PT13026984,22
pretrial_charge_interview,PA_MAST_NO,PT15002432,22
pretrial_charge_interview,PA_MAST_NO,PT12029558,21
pretrial_charge_interview,PA_MAST_NO,PT11025801,20
pretrial_charge_interview,PA_MAST_NO,PT13037502,20
pretrial_charge_interview,BJ_BK_DATE,4/15/2015,278
pretrial_charge_interview,BJ_BK_DATE,9/2/2010,273
pretrial_charge_interview,BJ_BK_DATE,8/20/2014,271
pretrial_charge_interview,BJ_BK_DATE,4/8/2011,265
pretrial_charge_interview,BJ_BK_DATE,4/9/2014,263
pretrial_charge_interview,BJ_BK_DATE,1/19/2011,262
pretrial_charge_interview,BJ_BK_DATE,8/4/2010,260
pretrial_charge_interview,BJ_BK_DATE,1/27/2016,260
pretrial_charge_interview,BJ_BK_DATE,8/28/2010,259
pretrial_charge_interview,BJ_BK_DATE,2/3/2011,258
pretrial_charge_interview,PK_CHG_DT,<MISSING>,363
pretrial_charge_interview,PK_CHG_DT,4/15/2015,276
pretrial_charge_interview,PK_CHG_DT,4/9/2014,272
pretrial_charge_interview,PK_CHG_DT,4/17/2013,271
pretrial_charge_interview,PK_CHG_DT,8/28/2014,270
pretrial_charge_interview,PK_CHG_DT,1/20/2011,267
pretrial_charge_interview,PK_CHG_DT,9/2/2010,265
pretrial_charge_interview,PK_CHG_DT,2/3/2011,263
pretrial_charge_interview,PK_CHG_DT,8/20/2014,261
pretrial_charge_interview,PK_CHG_DT,8/2/2011,259
pretrial_charge_interview,INT_OFF,P006,38409
pretrial_charge_interview,INT_OFF,P082,23617
pretrial_charge_interview,INT_OFF,P001,19542
pretrial_charge_interview,INT_OFF,<MISSING>,19513
pretrial_charge_interview,INT_OFF,P016,14720
pretrial_charge_interview,INT_OFF,P048,13067
pretrial_charge_interview,INT_OFF,P031,12499
pretrial_charge_interview,INT_OFF,P061,12458
pretrial_charge_interview,INT_OFF,P065,11998
pretrial_charge_interview,INT_OFF,P058,11762
pretrial_charge_interview,OFF_REC,<MISSING>,168548
pretrial_charge_interview,OFF_REC,P006,19529
pretrial_charge_interview,OFF_REC,P082,10658
pretrial_charge_interview,OFF_REC,P058,8305
pretrial_charge_interview,OFF_REC,P048,8239
pretrial_charge_interview,OFF_REC,P001,7947
pretrial_charge_interview,OFF_REC,P039,7939
pretrial_charge_interview,OFF_REC,P061,7748
pretrial_charge_interview,OFF_REC,P031,7400
pretrial_charge_interview,OFF_REC,P065,6755
pretrial_charge_interview,PK_BND_REC,<MISSING>,167004
pretrial_charge_interview,PK_BND_REC,N,146375
pretrial_charge_interview,PK_BND_REC,Y,81652
pretrial_charge_interview,PK_BND_REC,I,2855
pretrial_charge_interview,PK_BND_GRT,<MISSING>,154777
pretrial_charge_interview,PK_BND_GRT,Y,145713
pretrial_charge_interview,PK_BND_GRT,N,97396
pretrial_charge_interview,PK_GRNT_DT,<MISSING>,251774
pretrial_charge_interview,PK_GRNT_DT,11/15/2013,118
pretrial_charge_interview,PK_GRNT_DT,8/27/2010,117
pretrial_charge_interview,PK_GRNT_DT,7/29/2011,113
pretrial_charge_interview,PK_GRNT_DT,9/8/2014,113
pretrial_charge_interview,PK_GRNT_DT,2/1/2013,112
pretrial_charge_interview,PK_GRNT_DT,8/20/2010,110
pretrial_charge_interview,PK_GRNT_DT,11/9/2012,110
pretrial_charge_interview,PK_GRNT_DT,3/11/2016,108
pretrial_charge_interview,PK_GRNT_DT,8/6/2010,107
pretrial_charge_interview,PK_CNTY_NO,<MISSING>,69727
pretrial_charge_interview,PK_CNTY_NO,SEE REMARKS,1469
pretrial_charge_interview,PK_CNTY_NO,REMARKS,572
pretrial_charge_interview,PK_CNTY_NO,SEE REMARK,28
pretrial_charge_interview,PK_CNTY_NO,CR080101,18
pretrial_charge_interview,PK_CNTY_NO,REAMRKS,15
pretrial_charge_interview,PK_CNTY_NO,1.2162E+11,13
pretrial_charge_interview,PK_CNTY_NO,1.0242E+11,11
pretrial_charge_interview,PK_CNTY_NO,1.2302E+11,11
pretrial_charge_interview,PK_CNTY_NO,D1DC10201553,10
pretrial_charge_interview,PK_BND_TYP,<MISSING>,277764
pretrial_charge_interview,PK_BND_TYP,AN,98829
pretrial_charge_interview,PK_BND_TYP,CS,16935
pretrial_charge_interview,PK_BND_TYP,NONE,2475
pretrial_charge_interview,PK_BND_TYP,CB,1324
pretrial_charge_interview,PK_BND_TYP,SB,343
pretrial_charge_interview,PK_BND_TYP,CD,130
pretrial_charge_interview,PK_BND_TYP,MOBD,23
pretrial_charge_interview,PK_BND_TYP,CASH,15
pretrial_charge_interview,PK_BND_TYP,SA,15
pretrial_charge_interview,PK_BND_STS,<MISSING>,294471
pretrial_charge_interview,PK_BND_STS,BF,21861
pretrial_charge_interview,PK_BND_STS,PW,16904
pretrial_charge_interview,PK_BND_STS,CIT,16250
pretrial_charge_interview,PK_BND_STS,OTH,12316
pretrial_charge_interview,PK_BND_STS,BDSU,6837
pretrial_charge_interview,PK_BND_STS,MO,6050
pretrial_charge_interview,PK_BND_STS,NCF,4743
pretrial_charge_interview,PK_BND_STS,BINC,4707
pretrial_charge_interview,PK_BND_STS,JUDG,3232
pretrial_charge_interview,PK_CHARGE,54040009,35609
pretrial_charge_interview,PK_CHARGE,35620008,30057
pretrial_charge_interview,PK_CHARGE,54990067,28305
pretrial_charge_interview,PK_CHARGE,13990031,21298
pretrial_charge_interview,PK_CHARGE,3701,19538
pretrial_charge_interview,PK_CHARGE,23990067,12252
pretrial_charge_interview,PK_CHARGE,35990014,11565
pretrial_charge_interview,PK_CHARGE,4200,10644
pretrial_charge_interview,PK_CHARGE,4003,8820
pretrial_charge_interview,PK_CHARGE,3799,8400
person_data,PersonID,153063,7
person_data,PersonID,159683,7
person_data,PersonID,159828,6
person_data,PersonID,190060,6
person_data,PersonID,137170,5
person_data,PersonID,143371,5
person_data,PersonID,146572,5
person_data,PersonID,149121,5
person_data,PersonID,149869,5
person_data,PersonID,149943,5
pretrial_defendants,PA_MAST_NO,PT16010428,7
pretrial_defendants,PA_MAST_NO,PT16010720,6
pretrial_defendants,PA_MAST_NO,PT16010727,6
pretrial_defendants,PA_MAST_NO,PT16011347,6
pretrial_defendants,PA_MAST_NO,PT16011710,6
pretrial_defendants,PA_MAST_NO,PT16012185,6
pretrial_defendants,PA_MAST_NO,PT16012247,6
pretrial_defendants,PA_MAST_NO,PT16009635,5
pretrial_defendants,PA_MAST_NO,PT16009650,5
pretrial_defendants,PA_MAST_NO,PT16009755,5
pretrial_defendants,PA_PTS_RISK,<MISSING>,147380
pretrial_defendants,PA_PTS_RISK,2,23251
pretrial_defendants,PA_PTS_RISK,1,20973
pretrial_defendants,PA_PTS_RISK,3,17247
pretrial_defendants,PA_PTS_RISK,4,12529
pretrial_defendants,PA_PTS_RISK,5,7407
pretrial_defendants,PA_PTS_RISK,0,5404
pretrial_defendants,PA_PTS_RISK,6,3086
pretrial_defendants,PA_PTS_RISK,7,872
pretrial_defendants,PA_PTS_RISK,X,223
pretrial_defendants,PTS_OFF,<MISSING>,197657
pretrial_defendants,PTS_OFF,P034,3075
pretrial_defendants,PTS_OFF,P056,2949
pretrial_defendants,PTS_OFF,P024,2928
pretrial_defendants,PTS_OFF,P027,2905
pretrial_defendants,PTS_OFF,P055,2652
pretrial_defendants,PTS_OFF,P070,2273
pretrial_defendants,PTS_OFF,P071,1920
pretrial_defendants,PTS_OFF,P023,1763
pretrial_defendants,PTS_OFF,P047,1697
pretrial_defendants,PB_SEX,M,176891
pretrial_defendants,PB_SEX,F,57339
pretrial_defendants,PB_SEX,<MISSING>,4337
pretrial_defendants,PB_RAC,W,175226
pretrial_defendants,PB_RAC,B,56379
pretrial_defendants,PB_RAC,<MISSING>,4337
pretrial_defendants,PB_RAC,A,2445
pretrial_defendants,PB_RAC,U,131
pretrial_defendants,PB_RAC,I,49
pretrial_defendants,PB_CITY,AUSTIN,178364
pretrial_defendants,PB_CITY,PFLUGERVILLE,7874
pretrial_defendants,PB_CITY,ROUND ROCK,4318
pretrial_defendants,PB_CITY,DEL VALLE,3876
pretrial_defendants,PB_CITY,MANOR,3020
pretrial_defendants,PB_CITY,<MISSING>,2456
pretrial_defendants,PB_CITY,KYLE,2041
pretrial_defendants,PB_CITY,SAN ANTONIO,1963
pretrial_defendants,PB_CITY,CEDAR PARK,1705
pretrial_defendants,PB_CITY,ELGIN,1594
pretrial_defendants,PB_ST,TX,233445
pretrial_defendants,PB_ST,<MISSING>,2480
pretrial_defendants,PB_ST,CA,349
pretrial_defendants,PB_ST,LA,195
pretrial_defendants,PB_ST,FL,194
pretrial_defendants,PB_ST,NY,134
pretrial_defendants,PB_ST,CO,119
pretrial_defendants,PB_ST,OK,112
pretrial_defendants,PB_ST,IL,95
pretrial_defendants,PB_ST,NM,91
pretrial_defendants,PC_ETHNIC,N,156085
pretrial_defendants,PC_ETHNIC,H,82144
pretrial_defendants,PC_ETHNIC,U,278
pretrial_defendants,PC_ETHNIC,<MISSING>,60
pretrial_booking_bridge,PA_MAST_NO,PT14004690,37
pretrial_booking_bridge,PA_MAST_NO,PT11003641,31
pretrial_booking_bridge,PA_MAST_NO,PT11019502,31
pretrial_booking_bridge,PA_MAST_NO,PT14010111,31
pretrial_booking_bridge,PA_MAST_NO,PT14005424,30
pretrial_booking_bridge,PA_MAST_NO,PT10015869,27
pretrial_booking_bridge,PA_MAST_NO,PT11036345,27
pretrial_booking_bridge,PA_MAST_NO,PT10023651,26
pretrial_booking_bridge,PA_MAST_NO,PT14007124,26
pretrial_booking_bridge,PA_MAST_NO,PT14013061,26
pretrial_booking_bridge,BH_WAR_NO,<MISSING>,272151
pretrial_booking_bridge,BH_WAR_NO,SEE REMARKS,2359
pretrial_booking_bridge,BH_WAR_NO,REMARKS,623
pretrial_booking_bridge,BH_WAR_NO,DETAINER,58
pretrial_booking_bridge,BH_WAR_NO,SEE REMARK,31
pretrial_booking_bridge,BH_WAR_NO,CR080101,18
pretrial_booking_bridge,BH_WAR_NO,0,16
pretrial_booking_bridge,BH_WAR_NO,REAMRKS,13
pretrial_booking_bridge,BH_WAR_NO,C,10
pretrial_booking_bridge,BH_WAR_NO,X,10
pretrial_booking_bridge,BH_C_CASE,<MISSING>,95306
pretrial_booking_bridge,BH_C_CASE,SEE REMARKS,210
pretrial_booking_bridge,BH_C_CASE,DETAINER,25
pretrial_booking_bridge,BH_C_CASE,REMARKS,23
pretrial_booking_bridge,BH_C_CASE,D1DC10201553,10
pretrial_booking_bridge,BH_C_CASE,D1DC10202808,10
pretrial_booking_bridge,BH_C_CASE,D1DC10203463,9
pretrial_booking_bridge,BH_C_CASE,D1DC11200817,9
pretrial_booking_bridge,BH_C_CASE,D1DC09202999,9
pretrial_booking_bridge,BH_C_CASE,D1DC10200523,8
pretrial_booking_bridge,BH_CRT_EVT,ARR,247320
pretrial_booking_bridge,BH_CRT_EVT,<MISSING>,181046
pretrial_booking_bridge,BH_CRT_EVT,CTDT,1226
pretrial_booking_bridge,BH_CRT_EVT,FS,43
events,EventID,63624446,1
events,EventID,63640376,1
events,EventID,63999086,1
events,EventID,64007443,1
events,EventID,64007774,1
events,EventID,64016903,1
events,EventID,76735421,1
events,EventID,63636648,1
events,EventID,63999716,1
events,EventID,64013386,1
events,EventDescription,CAL:BOND FORFEITURE,44050
events,EventDescription,CAL:BF OFF DOCKET,6502
events,EventDescription,CITATION FILED,1885
events,EventDescription,CAL:BOND FORFEITURE (PROB),310
events,EventDescription,TURNOVER ORDER BOND CRIMINAL,39
events,EventDescription,UNABLE PROCESS CASH BD REFUND,19
events,EventDescription,JUDGMENT NISI,19
events,EventDescription,PERSONAL BOND,16
events,EventDescription,SURETY BOND,5
events,EventDescription,BOND DOCUMENT,4
events,CourtJudgeIdentifier,J65,11034
events,CourtJudgeIdentifier,J10,8583
events,CourtJudgeIdentifier,J33,7803
events,CourtJudgeIdentifier,J46,7311
events,CourtJudgeIdentifier,J13,6050
events,CourtJudgeIdentifier,J59,3570
events,CourtJudgeIdentifier,J24,1392
events,CourtJudgeIdentifier,J43,1372
events,CourtJudgeIdentifier,J29,1201
events,CourtJudgeIdentifier,J14,1192
mental_health_events,Event,PSY,36245
mental_health_events,Event,PSNI,29338
mental_health_events,Event,PP,28743
mental_health_events,Event,MH1,7
mental_health_events,Event,MH2,2
mental_health_events,Event,MH3,1
mental_health_events,EventDescription,PSY - Seen and Eval per Counselor,36245
mental_health_events,EventDescription,PSNI - Psych Special Needs Inmate,29338
mental_health_events,EventDescription,PP - MHMR Priority Population,28743
mental_health_events,EventDescription,MH1 - Mental Health Magistration Notification,7
mental_health_events,EventDescription,MH2 - Mental Health Magistration Notification,3
revocation,CaseID,315092,48
revocation,CaseID,304317,24
revocation,CaseID,482862,24
revocation,CaseID,368209,22
revocation,CaseID,222020,20
revocation,CaseID,358155,20
revocation,CaseID,241553,18
revocation,CaseID,382404,18
revocation,CaseID,390095,18
revocation,CaseID,372872,17
revocation,ReindictRefile,<MISSING>,18937
revocation,ReindictRefile,Y,321
revocation,CaseStateIssue,<MISSING>,18787
revocation,CaseStateIssue,STATE ACTIVE/STATUS INACTIVE CONFLICT,327
revocation,CaseStateIssue,STATE PENDING/STATUS DISPOSED CONFLICT,118
revocation,CaseStateIssue,STATE INACTIVE/STATUS ACTIVE CONFLICT,19
revocation,CaseStateIssue,STATE DISPOSED/STATUS PENDING CONFLICT,7
revocation,ChargeCode,54040009,1703
revocation,ChargeCode,22990002,1088
revocation,ChargeCode,54040010,998
revocation,ChargeCode,54040011,967
revocation,ChargeCode,13990031,893
revocation,ChargeCode,35990014,792
revocation,ChargeCode,54040014,742
revocation,ChargeCode,13150005,548
revocation,ChargeCode,35990015,470
revocation,ChargeCode,13990001,464
revocation,ChargeReducedEnhanced,<MISSING>,15945
revocation,ChargeReducedEnhanced,REDUCED,2983
revocation,ChargeReducedEnhanced,REFILED,321
revocation,ChargeReducedEnhanced,ENHANCED,6
revocation,ChargeReducedEnhanced,DISM-REFILE_CAUSE_FOUND,2
revocation,ChargeReducedEnhanced,DISM-ENHANCED-NEW_CAUSE_UNKNOWN,1
revocation,CasePhaseCode,REVOCATION,19256
revocation,CasePhaseCode,<MISSING>,2
revocation,AttorneySBN,6667550,315
revocation,AttorneySBN,795856,290
revocation,AttorneySBN,4067900,257
revocation,AttorneySBN,21216575,236
revocation,AttorneySBN,784356,226
revocation,AttorneySBN,793416,224
revocation,AttorneySBN,787445,223
revocation,AttorneySBN,21044950,199
revocation,AttorneySBN,3702700,173
revocation,AttorneySBN,24044240,172
revocation,CurrentAttorneyFlag,Y,19254
revocation,CurrentAttorneyFlag,<MISSING>,2
revocation,CurrentAttorneyFlag,N,1
revocation,CurrentAttorneyFlag,U,1
revocation,CurrentLeadAttorneyFlag,Y,19158
revocation,CurrentLeadAttorneyFlag,N,97
revocation,CurrentLeadAttorneyFlag,<MISSING>,2
revocation,CurrentLeadAttorneyFlag,U,1
revocation,AssignedCourtID,J45,1970
revocation,AssignedCourtID,J54,1946
revocation,AssignedCourtID,J24,1901
revocation,AssignedCourtID,J29,1867
revocation,AssignedCourtID,J14,1630
revocation,AssignedCourtID,J59,1621
revocation,AssignedCourtID,J43,1594
revocation,AssignedCourtID,J08,1493
revocation,AssignedCourtID,J33,1252
revocation,AssignedCourtID,J10,1098
revocation,OriginalDispositionCourtID,<MISSING>,12158
revocation,OriginalDispositionCourtID,J33,1290
revocation,OriginalDispositionCourtID,J13,1099
revocation,OriginalDispositionCourtID,J10,1085
revocation,OriginalDispositionCourtID,J65,996
revocation,OriginalDispositionCourtID,J46,906
revocation,OriginalDispositionCourtID,J59,822
revocation,OriginalDispositionCourtID,J54,149
revocation,OriginalDispositionCourtID,J29,144
revocation,OriginalDispositionCourtID,J14,139
revocation,LatestDispositonCourtID,<MISSING>,4789
revocation,LatestDispositonCourtID,J54,1435
revocation,LatestDispositonCourtID,J24,1276
revocation,LatestDispositonCourtID,J29,1249
revocation,LatestDispositonCourtID,J45,1233
revocation,LatestDispositonCourtID,J59,1227
revocation,LatestDispositonCourtID,J33,1210
revocation,LatestDispositonCourtID,J14,1138
revocation,LatestDispositonCourtID,J08,1007
revocation,LatestDispositonCourtID,J13,1003
sentencing_pre2013,CriminalSentencingID,2237,1
sentencing_pre2013,CriminalSentencingID,3055,1
sentencing_pre2013,CriminalSentencingID,528696,1
sentencing_pre2013,CriminalSentencingID,532537,1
sentencing_pre2013,CriminalSentencingID,533082,1
sentencing_pre2013,CriminalSentencingID,533289,1
sentencing_pre2013,CriminalSentencingID,533672,1
sentencing_pre2013,CriminalSentencingID,533692,1
sentencing_pre2013,CriminalSentencingID,534034,1
sentencing_pre2013,CriminalSentencingID,534122,1
sentencing_pre2013,SentenceOther,<MISSING>,63101
sentencing_pre2013,SentenceOther,LIFE,21
sentencing_post2013,CriminalSentencingID,2484,1
sentencing_post2013,CriminalSentencingID,624828,1
sentencing_post2013,CriminalSentencingID,627370,1
sentencing_post2013,CriminalSentencingID,634801,1
sentencing_post2013,CriminalSentencingID,634950,1
sentencing_post2013,CriminalSentencingID,636826,1
sentencing_post2013,CriminalSentencingID,637800,1
sentencing_post2013,CriminalSentencingID,652202,1
sentencing_post2013,CriminalSentencingID,687301,1
sentencing_post2013,CriminalSentencingID,687302,1
sentencing_post2013,SentenceOther,<MISSING>,84195
sentencing_post2013,SentenceOther,LIFE,14
