dataset,column,dtype
booking_2010_2012,bookingID,str
booking_2010_2012,BookingNumber,float64
booking_2010_2012,mni,float64
booking_2010_2012,PersonID,float64
booking_2010_2012,jailID,str
booking_2010_2012,CustodyStatusID,float64
booking_2010_2012,CustodyTypeID,float64
booking_2010_2012,bookingdate,str
booking_2010_2012,bookingtime,str
booking_2010_2012,ReleaseDate,str
booking_2010_2012,ReleaseTime,str
booking_2010_2012,ReleaseReasonID,float64
booking_2010_2012,HighestBookingCharge,str
booking_2010_2012,HighestBookingCount,float64
booking_2010_2012,ArrestDate,str
booking_2010_2012,ArrestTime,str
booking_2010_2012,ArrestingAgencyID,float64
booking_2010_2012,INSHold,float64
booking_2010_2012,FederalHold,float64
booking_2010_2012,StateHold,float64
booking_2010_2012,TDC_BWHold,float64
booking_2010_2012,OtherHold,float64
booking_2010_2012,ActiveWrit,float64
booking_2010_2012,AgeofBooking,float64
booking_2010_2012,TimeBookingtoRelease,float64
booking_2010_2012,BookingChargeID,float64
booking_2010_2012,ChargeCount,float64
booking_2010_2012,ChargeCode,str
booking_2010_2012,ChargeDescription,str
booking_2010_2012,ChargeClassID,float64
booking_2010_2012,chargedate,str
booking_2010_2012,chargetime,str
booking_2010_2012,ChargeDispositionTypeID,float64
booking_2010_2012,ChargeDispositionDate,str
booking_2010_2012,ChargeSentenceDate,str
booking_2010_2012,BookingAuthorityID,float64
booking_2010_2012,ChargeStatusID,float64
booking_2010_2012,OpenCharge,float64
booking_2010_2012,EligibleforBail,float64
booking_2010_2012,BailTypeID,float64
booking_2010_2012,BailAmount,float64
booking_2010_2012,MagistrationDate,str
booking_2010_2012,JailChargeCourt,str
booking_2013_2016,bookingID,str
booking_2013_2016,BookingNumber,float64
booking_2013_2016,mni,float64
booking_2013_2016,PersonID,float64
booking_2013_2016,jailID,str
booking_2013_2016,CustodyStatusID,float64
booking_2013_2016,CustodyTypeID,float64
booking_2013_2016,bookingdate,str
booking_2013_2016,bookingtime,str
booking_2013_2016,ReleaseDate,str
booking_2013_2016,ReleaseTime,str
booking_2013_2016,ReleaseReasonID,float64
booking_2013_2016,HighestBookingCharge,str
booking_2013_2016,HighestBookingCount,float64
booking_2013_2016,ArrestDate,str
booking_2013_2016,ArrestTime,str
booking_2013_2016,ArrestingAgencyID,float64
booking_2013_2016,INSHold,float64
booking_2013_2016,FederalHold,float64
booking_2013_2016,StateHold,float64
booking_2013_2016,TDC_BWHold,float64
booking_2013_2016,OtherHold,float64
booking_2013_2016,ActiveWrit,float64
booking_2013_2016,AgeofBooking,float64
booking_2013_2016,TimeBookingtoRelease,float64
booking_2013_2016,BookingChargeID,float64
booking_2013_2016,ChargeCount,float64
booking_2013_2016,ChargeCode,str
booking_2013_2016,ChargeDescription,str
booking_2013_2016,ChargeClassID,float64
booking_2013_2016,chargedate,str
booking_2013_2016,chargetime,str
booking_2013_2016,ChargeDispositionTypeID,float64
booking_2013_2016,ChargeDispositionDate,str
booking_2013_2016,ChargeSentenceDate,str
booking_2013_2016,BookingAuthorityID,float64
booking_2013_2016,ChargeStatusID,float64
booking_2013_2016,OpenCharge,float64
booking_2013_2016,EligibleforBail,float64
booking_2013_2016,BailTypeID,float64
booking_2013_2016,BailAmount,float64
booking_2013_2016,MagistrationDate,str
booking_2013_2016,JailChargeCourt,str
case_data,CaseID,int64
case_data,DivisionID,int64
case_data,CourtTypeID,int64
case_data,CaseTypeID,float64
case_data,CaseStatusID,int64
case_data,StatusDate,str
case_data,CaseStateID,int64
case_data,SealedFlag,int64
case_data,RestrictedFlag,int64
case_data,CaseInitiationDate,str
case_data,DateCaseEntered,str
case_data,ReindictRefile,str
case_data,CaseStateIssue,str
case_data,LatestCasePhaseID,float64
case_data,LatestAgeofPendingComplaint,float64
case_data,CriminalDefendantID,int64
case_data,PartyID,int64
case_data,PersonID,int64
case_data,MNI,float64
case_data,OriginalBookingNumber,float64
case_data,BookingDate,str
case_data,IndictFilingDate,str
case_data,CalendarDaysBookingtoIndictFiling,float64
case_data,JailCaseTypeID,int64
case_data,HighestLevelChargeCount,float64
case_data,HighestLevelDispositionCount,float64
case_data,CaseChargeID,int64
case_data,CountNumber,int64
case_data,ChargeCode,str
case_data,CsMgmtChargeID,int64
case_data,CurrentChargeStateID,int64
case_data,ChargeReducedEnhanced,str
case_data,OriginalDispositionPleaID,float64
case_data,OriginalDispositionPleaDate,str
case_data,OriginalDispositionTrialTypeID,float64
case_data,OriginalDispositionVerdictID,float64
case_data,OriginalDispositionVerdictDate,str
case_data,OriginalDispositionMethodID,float64
case_data,OriginalDispositionID,float64
case_data,OriginalDispositionDate,str
case_data,OriginalDispositionEvent,float64
case_data,OriginalSentenceID,float64
case_data,LatestDispositionMethodID,float64
case_data,LatestDispositionID,float64
case_data,LatestDispositionDate,str
case_data,LatestSentenceID,float64
case_data,EarliestKnownChargeID,int64
case_data,OffenseDate,str
case_data,CriminalDefendantHistoryID,int64
case_data,ActivationDate,str
case_data,ActivationEventID,float64
case_data,ActivationTypeID,float64
case_data,AssociatedBookingNumber,float64
case_data,AssociatedBookingDate,str
case_data,InactivityDays,float64
case_data,CalendarDaysFilingtoCurrent,float64
case_data,AgeofCase,float64
case_data,DispositionID,float64
case_data,DispositionDate,str
case_data,DispositionEventID,float64
case_data,DispositionTypeID,float64
case_data,CalendarDaysFilingtoDisposition,float64
case_data,TimetoDisposition,float64
case_data,casephaseID,int64
case_data,CasePhaseCode,str
case_data,UnabletoCalcAgeInactivity,int64
case_data,DispositionMethodID,float64
case_data,PartyAttorneyID,int64
case_data,PartyIDRepresenting,int64
case_data,attorneyID,int64
case_data,AttorneySBN,str
case_data,AttorneyCounselTypeID,float64
case_data,AttorneyCaseStatusID,float64
case_data,AttorneyStatusDateTime,str
case_data,CurrentAttorneyFlag,str
case_data,AttorneyStartDate,float64
case_data,AttorneyEndDate,float64
case_data,CurrentLeadAttorneyFlag,str
case_data,AssignedCourtID,str
case_data,OriginalDispositionCourtID,str
case_data,LatestDispositonCourtID,str
pretrial_charge_interview,PA_MAST_NO,str
pretrial_charge_interview,PK_BKG_NO,int64
pretrial_charge_interview,BJ_BK_DATE,str
pretrial_charge_interview,PK_CHG_DT,str
pretrial_charge_interview,INT_OFF,str
pretrial_charge_interview,OFF_REC,str
pretrial_charge_interview,PK_BND_REC,str
pretrial_charge_interview,PK_BND_GRT,str
pretrial_charge_interview,PK_GRNT_DT,str
pretrial_charge_interview,PK_ATY_REC,float64
pretrial_charge_interview,PK_ATY_BND,float64
pretrial_charge_interview,PK_CNTY_NO,str
pretrial_charge_interview,PK_BND_AMT,float64
pretrial_charge_interview,PK_BND_TYP,str
pretrial_charge_interview,PK_BND_STS,str
pretrial_charge_interview,PK_SEQ_No,int64
pretrial_charge_interview,PK_CHARGE,str
pretrial_charge_interview,PK_CHG_LIT,str
pretrial_charge_interview,PK_LVL,str
pretrial_charge_interview,PK_INT_DT,str
pretrial_charge_interview,PK_INT_TYPE,str
pretrial_charge_interview,JUDGE,str
pretrial_charge_interview,PK_BNDRSN_1,str
pretrial_charge_interview,PK_BNDRSN_2,str
pretrial_charge_interview,PK_BNDRSN_3,str
pretrial_charge_interview,PK_BND_CND1,str
pretrial_charge_interview,PK_BND_CND2,str
pretrial_charge_interview,PK_BND_CND3,str
pretrial_charge_interview,PK_BND_CND4,str
pretrial_charge_interview,PK_BND_CND5,str
pretrial_charge_interview,PK_BND_CND6,str
pretrial_charge_interview,PK_BND_CD1,str
pretrial_charge_interview,PK_BND_CD2,str
pretrial_charge_interview,PK_BND_CD3,str
pretrial_charge_interview,PK_BND_CD4,str
pretrial_charge_interview,PK_BND_CD5,str
pretrial_charge_interview,PK_BND_CD6,str
person_data,PersonID,object
person_data,MNI,float64
person_data,DateofBirth,datetime64[us]
person_data,GenderID,float64
person_data,RaceID,float64
person_data,EthnicityID,float64
person_data,CitizenshipID,float64
pretrial_defendants,PA_MAST_NO,str
pretrial_defendants,PA_BKG_NO,int64
pretrial_defendants,BJ_BK_DATE,datetime64[us]
pretrial_defendants,PA_PTS_RISK,object
pretrial_defendants,PTS_OFF,str
pretrial_defendants,PB_MNI,int64
pretrial_defendants,PB_SEX,str
pretrial_defendants,PB_RAC,str
pretrial_defendants,PB_DOB,datetime64[us]
pretrial_defendants,PB_CITY,object
pretrial_defendants,PB_ST,str
pretrial_defendants,PB_ZIP,float64
pretrial_defendants,PC_ETHNIC,str
pretrial_booking_bridge,PA_MAST_NO,str
pretrial_booking_bridge,BH_BKG_NO,int64
pretrial_booking_bridge,BJ_BK_DATE,datetime64[us]
pretrial_booking_bridge,BH_WAR_NO,object
pretrial_booking_bridge,BH_C_CASE,object
pretrial_booking_bridge,BH_BAIL_AMT,float64
pretrial_booking_bridge,BH_CHG_DATE,datetime64[us]
pretrial_booking_bridge,BH_JCHG_NO,int64
pretrial_booking_bridge,BH_CRT_DATE,datetime64[us]
pretrial_booking_bridge,BH_CRT_TIME,int64
pretrial_booking_bridge,BH_CRT_EVT,str
events,EventID,object
events,CaseID,float64
events,PartyID,float64
events,EventDate,datetime64[us]
events,EventDateSeq,float64
events,EventCodeID,float64
events,EventResultID,float64
events,AssociatedCountNo,float64
events,DivisionID,float64
events,EventCodeID.1,float64
events,DivisionID.1,float64
events,EventCode,float64
events,EventDescription,str
events,EventCategoryID,float64
events,AssociatedCaseStatusID,float64
events,CourtJudgeIdentifier,str
mental_health_events,BookingNumber,int64
mental_health_events,MNI,int64
mental_health_events,BookingDate,datetime64[us]
mental_health_events,Event,str
mental_health_events,EventDescription,str
mental_health_events,EventEntryDate,datetime64[us]
mental_health_events,EventEntryTime,int64
revocation,CaseID,object
revocation,DivisionID,float64
revocation,CourtTypeID,float64
revocation,CaseTypeID,float64
revocation,CaseStatusID,float64
revocation,StatusDate,datetime64[us]
revocation,CaseStateID,float64
revocation,SealedFlag,float64
revocation,RestrictedFlag,float64
revocation,CaseInitiationDate,datetime64[us]
revocation,DateCaseEntered,datetime64[us]
revocation,ReindictRefile,str
revocation,CaseStateIssue,str
revocation,LatestCasePhaseID,float64
revocation,LatestAgeofPendingComplaint,float64
revocation,CriminalDefendantID,float64
revocation,PartyID,float64
revocation,PersonID,float64
revocation,MNI,float64
revocation,OriginalBookingNumber,float64
revocation,BookingDate,datetime64[us]
revocation,IndictFilingDate,datetime64[us]
revocation,CalendarDaysBookingtoIndictFiling,float64
revocation,JailCaseTypeID,float64
revocation,HighestLevelChargeCount,float64
revocation,HighestLevelDispositionCount,float64
revocation,CaseChargeID,float64
revocation,CountNumber,float64
revocation,ChargeCode,object
revocation,CsMgmtChargeID,float64
revocation,CurrentChargeStateID,float64
revocation,ChargeReducedEnhanced,str
revocation,OriginalDispositionPleaID,float64
revocation,OriginalDispositionPleaDate,datetime64[us]
revocation,OriginalDispositionTrialTypeID,float64
revocation,OriginalDispositionVerdictID,float64
revocation,OriginalDispositionVerdictDate,datetime64[us]
revocation,OriginalDispositionMethodID,float64
revocation,OriginalDispositionID,float64
revocation,OriginalDispositionDate,datetime64[us]
revocation,OriginalDispositionEvent,float64
revocation,OriginalSentenceID,float64
revocation,LatestDispositionMethodID,float64
revocation,LatestDispositionID,float64
revocation,LatestDispositionDate,datetime64[us]
revocation,LatestSentenceID,float64
revocation,EarliestKnownChargeID,float64
revocation,OffenseDate,datetime64[us]
revocation,CriminalDefendantHistoryID,float64
revocation,ActivationDate,datetime64[us]
revocation,ActivationEventID,float64
revocation,ActivationTypeID,float64
revocation,AssociatedBookingNumber,float64
revocation,AssociatedBookingDate,datetime64[us]
revocation,InactivityDays,float64
revocation,CalendarDaysFilingtoCurrent,float64
revocation,AgeofCase,float64
revocation,DispositionID,float64
revocation,DispositionDate,datetime64[us]
revocation,DispositionEventID,float64
revocation,DispositionTypeID,float64
revocation,CalendarDaysFilingtoDisposition,float64
revocation,TimetoDisposition,float64
revocation,casephaseID,float64
revocation,CasePhaseCode,str
revocation,UnabletoCalcAgeInactivity,float64
revocation,DispositionMethodID,float64
revocation,PartyAttorneyID,float64
revocation,PartyIDRepresenting,float64
revocation,attorneyID,float64
revocation,AttorneySBN,object
revocation,AttorneyCounselTypeID,float64
revocation,AttorneyCaseStatusID,float64
revocation,AttorneyStatusDateTime,datetime64[us]
revocation,CurrentAttorneyFlag,str
revocation,AttorneyStartDate,float64
revocation,AttorneyEndDate,float64
revocation,CurrentLeadAttorneyFlag,str
revocation,AssignedCourtID,str
revocation,OriginalDispositionCourtID,str
revocation,LatestDispositonCourtID,str
sentencing_pre2013,CriminalSentencingID,object
sentencing_pre2013,CaseID,float64
sentencing_pre2013,PartyID,float64
sentencing_pre2013,CountNumber,float64
sentencing_pre2013,Sequence,float64
sentencing_pre2013,SentenceTypeID,float64
sentencing_pre2013,ReceivableTypeID,float64
sentencing_pre2013,AgencyID,float64
sentencing_pre2013,SentenceUOMID,float64
sentencing_pre2013,SentenceQuantity,float64
sentencing_pre2013,SentenceOther,str
sentencing_pre2013,SentenceEffectiveDt,datetime64[us]
sentencing_pre2013,SentenceConcurrencyFlag,float64
sentencing_pre2013,DivisionID,float64
sentencing_post2013,CriminalSentencingID,object
sentencing_post2013,CaseID,float64
sentencing_post2013,PartyID,float64
sentencing_post2013,CountNumber,float64
sentencing_post2013,Sequence,float64
sentencing_post2013,SentenceTypeID,float64
sentencing_post2013,ReceivableTypeID,float64
sentencing_post2013,AgencyID,float64
sentencing_post2013,SentenceUOMID,float64
sentencing_post2013,SentenceQuantity,float64
sentencing_post2013,SentenceOther,str
sentencing_post2013,SentenceEffectiveDt,datetime64[us]
sentencing_post2013,SentenceConcurrencyFlag,float64
sentencing_post2013,DivisionID,float64
