dataset,column,count,mean,std,min,25%,50%,75%,max
booking_2010_2012,BookingNumber,289059.0,1125919.8481659454,82165.57608930273,1000002.0,1044092.5,1126328.0,1211723.0,1350008.0
booking_2010_2012,mni,289059.0,1678819.4652752553,1951712.003751227,23.0,543429.5,1324282.0,1758381.0,8949098.0
booking_2010_2012,PersonID,289059.0,322860.98367807263,150415.53288753307,69724.0,213247.0,342057.0,407079.0,2945099.0
booking_2010_2012,CustodyStatusID,289059.0,1.999723239892202,0.01663383506083568,1.0,2.0,2.0,2.0,2.0
booking_2010_2012,CustodyTypeID,289059.0,1.00037016664418,0.023597555381942633,1.0,1.0,1.0,1.0,3.0
booking_2010_2012,ReleaseReasonID,288979.0,41.134490741541775,32.15402579946626,1.0,6.0,40.0,67.0,91.0
booking_2010_2012,HighestBookingCount,289059.0,1.365368315810959,0.9182208887316881,1.0,1.0,1.0,1.0,18.0
booking_2010_2012,ArrestingAgencyID,289059.0,42.61335921040341,34.748322624544244,18.0,22.0,22.0,71.0,113.0
booking_2010_2012,INSHold,289059.0,0.08594439197534068,0.2813173003436649,0.0,0.0,0.0,0.0,2.0
booking_2010_2012,FederalHold,289059.0,0.007718147506218453,0.09119162094303916,0.0,0.0,0.0,0.0,2.0
booking_2010_2012,StateHold,289059.0,0.03168211334018314,0.1804834520493582,0.0,0.0,0.0,0.0,4.0
booking_2010_2012,TDC_BWHold,289059.0,0.0073791163741658275,0.11791812702836092,0.0,0.0,0.0,0.0,5.0
booking_2010_2012,OtherHold,289059.0,0.1313538066623077,0.7686985254700742,0.0,0.0,0.0,0.0,35.0
booking_2010_2012,ActiveWrit,289059.0,1.7297506737378875e-05,0.004158998361812533,0.0,0.0,0.0,0.0,1.0
booking_2010_2012,AgeofBooking,80.0,1644.425,211.6526755401196,1247.0,1530.0,1622.0,1727.75,2078.0
booking_2010_2012,TimeBookingtoRelease,288979.0,28.769412310237076,204.68939653248293,0.0,1.0,3.0,20.0,32952.0
booking_2010_2012,BookingChargeID,289059.0,1078791.8064478186,91494.51199072784,1055.0,1007044.5,1079625.0,1152370.5,1589023.0
booking_2010_2012,ChargeCount,289059.0,1.7047834525131547,1.290902480678542,1.0,1.0,1.0,2.0,35.0
booking_2010_2012,ChargeClassID,289059.0,7.488391643228545,1.7595711817325905,1.0,7.0,8.0,9.0,12.0
booking_2010_2012,ChargeDispositionTypeID,289021.0,31.083090848069862,22.78350066330586,1.0,6.0,31.0,54.0,72.0
booking_2010_2012,BookingAuthorityID,289054.0,22.654192642205263,11.267516224013296,1.0,9.0,32.0,32.0,40.0
booking_2010_2012,ChargeStatusID,279804.0,20.147317407899816,12.423468152330257,4.0,4.0,24.0,24.0,44.0
booking_2010_2012,OpenCharge,289059.0,0.00011416354446670056,0.010684142738518082,0.0,0.0,0.0,0.0,1.0
booking_2010_2012,EligibleforBail,289059.0,0.38570326473142164,0.4867618267603554,0.0,0.0,0.0,1.0,1.0
booking_2010_2012,BailTypeID,111491.0,2.671507117166408,1.5704329163908495,1.0,2.0,2.0,2.0,7.0
booking_2010_2012,BailAmount,289059.0,2966.0336782456175,16256.769316446573,0.0,0.0,0.0,2000.0,5162011.0
booking_2013_2016,BookingNumber,289867.0,1443440.716011136,95827.66670248866,1300002.0,1344906.5,1433514.0,1524477.0,1617899.0
booking_2013_2016,mni,289867.0,1872578.931299527,1979381.992506976,23.0,917590.0,1621685.0,1930622.0,8952046.0
booking_2013_2016,PersonID,289867.0,884855.3547661514,1024856.3458877152,135247.0,268829.5,398228.0,465927.0,2945494.0
booking_2013_2016,CustodyStatusID,289867.0,1.9749367813514473,0.15631742710678412,1.0,2.0,2.0,2.0,2.0
booking_2013_2016,CustodyTypeID,289867.0,1.064229456957846,0.46349855228739106,1.0,1.0,1.0,1.0,12.0
booking_2013_2016,ReleaseReasonID,282560.0,38.314857021517554,32.15172218616921,1.0,6.0,39.0,67.0,93.0
booking_2013_2016,HighestBookingCount,289867.0,1.364822487554637,0.9490225610725582,1.0,1.0,1.0,1.0,17.0
booking_2013_2016,ArrestingAgencyID,289862.0,44.45814215040261,35.72796235987133,19.0,22.0,22.0,80.0,115.0
booking_2013_2016,INSHold,289867.0,0.04919497562675296,0.21930080183154635,0.0,0.0,0.0,0.0,3.0
booking_2013_2016,FederalHold,289867.0,0.006026901992982989,0.080157861276947,0.0,0.0,0.0,0.0,3.0
booking_2013_2016,StateHold,289867.0,0.0353403457447726,0.18872298702533705,0.0,0.0,0.0,0.0,4.0
booking_2013_2016,TDC_BWHold,289867.0,0.004433067579269113,0.07511048139522036,0.0,0.0,0.0,0.0,6.0
booking_2013_2016,OtherHold,289867.0,0.15265966805465955,0.7309494333584617,0.0,0.0,0.0,0.0,25.0
booking_2013_2016,ActiveWrit,289867.0,0.0005726764343647259,0.023923846902077685,0.0,0.0,0.0,0.0,1.0
booking_2013_2016,AgeofBooking,7265.0,134.15058499655885,160.6058923309902,4.0,31.0,83.0,166.0,1201.0
booking_2013_2016,TimeBookingtoRelease,282560.0,28.71352279161948,174.55379586017844,0.0,1.0,3.0,22.0,32925.0
booking_2013_2016,BookingChargeID,289867.0,1416377.8183649743,123739.70862807451,1422.0,1298075.5,1443577.0,1517135.5,1590645.0
booking_2013_2016,ChargeCount,289867.0,1.7616079098345103,1.3476006487541123,1.0,1.0,1.0,2.0,37.0
booking_2013_2016,ChargeClassID,289867.0,7.393911690533934,1.8154604483874615,2.0,7.0,8.0,9.0,12.0
booking_2013_2016,ChargeDispositionTypeID,283895.0,28.87629229116399,22.817665185638333,1.0,6.0,18.0,54.0,75.0
booking_2013_2016,BookingAuthorityID,289867.0,23.654589863627113,11.050861065838616,1.0,9.0,32.0,32.0,42.0
booking_2013_2016,ChargeStatusID,280585.0,20.917297788548925,11.598876496787836,4.0,4.0,24.0,24.0,44.0
booking_2013_2016,OpenCharge,289867.0,0.020585302914785056,0.14199161163044363,0.0,0.0,0.0,0.0,1.0
booking_2013_2016,EligibleforBail,289867.0,0.44756043288818664,0.4972433456385163,0.0,0.0,0.0,1.0,1.0
booking_2013_2016,BailTypeID,129733.0,2.6936245982132534,1.602795578134749,2.0,2.0,2.0,2.0,7.0
booking_2013_2016,BailAmount,289867.0,3892.4696878223463,18628.678294704594,0.0,0.0,0.0,3000.0,2000000.0
case_data,CaseID,271699.0,1420488.2262098866,583141.8836169069,213.0,1369038.0,1473005.0,2004893.0,2137407.0
case_data,DivisionID,271699.0,1.709023588603565,0.45421349466947064,1.0,1.0,2.0,2.0,2.0
case_data,CourtTypeID,271699.0,1.0,0.0,1.0,1.0,1.0,1.0,1.0
case_data,CaseTypeID,271698.0,166.07724753218648,55.19875625478661,80.0,80.0,202.0,203.0,204.0
case_data,CaseStatusID,271699.0,110.20757161417598,37.13705732177631,1.0,81.0,135.0,142.0,166.0
case_data,CaseStateID,271699.0,2.7885306902123306,0.5851445974677316,1.0,3.0,3.0,3.0,3.0
case_data,SealedFlag,271699.0,0.0,0.0,0.0,0.0,0.0,0.0,0.0
case_data,RestrictedFlag,271699.0,0.0,0.0,0.0,0.0,0.0,0.0,0.0
case_data,LatestCasePhaseID,0.0,,,,,,,
case_data,LatestAgeofPendingComplaint,0.0,,,,,,,
case_data,CriminalDefendantID,271699.0,640407.2382710279,333766.1945559678,5.0,347363.0,693574.0,971095.5,1057432.0
case_data,PartyID,271699.0,3169022.1219364074,1017753.8935599666,807.0,3352463.5,3561393.0,3791983.0,4129035.0
case_data,PersonID,271699.0,663236.7133408661,837105.6415329566,69724.0,254741.0,384289.0,441339.5,2945099.0
case_data,MNI,271674.0,1914127.6648888006,3302954.2951054494,23.0,797216.0,1549905.5,1866701.75,923663827.0
case_data,OriginalBookingNumber,261248.0,1282581.03288829,180060.29753906626,119524.0,1127410.75,1302134.5,1430647.25,1618085.0
case_data,CalendarDaysBookingtoIndictFiling,220897.0,58.595100884122466,139.19750353213811,1.0,12.0,26.0,51.0,8406.0
case_data,JailCaseTypeID,271699.0,3.993857172827283,1.2146688070684881,1.0,3.0,4.0,5.0,8.0
case_data,HighestLevelChargeCount,271685.0,1.017844194563557,0.38815694664567746,1.0,1.0,1.0,1.0,28.0
case_data,HighestLevelDispositionCount,239864.0,1.0397058333055398,0.5990095956225778,1.0,1.0,1.0,1.0,28.0
case_data,CaseChargeID,271699.0,645705.2130261797,340177.70730129996,1.0,345957.0,692165.0,990098.5,1075284.0
case_data,CountNumber,271699.0,1.1391024626516844,1.1571471262826247,1.0,1.0,1.0,1.0,56.0
case_data,CsMgmtChargeID,271699.0,2282.2522570933274,1823.1373234638304,2.0,1348.0,1699.0,4148.0,7128.0
case_data,CurrentChargeStateID,271699.0,2.0487451186791263,1.0247229483871498,1.0,2.0,2.0,2.0,10.0
case_data,OriginalDispositionPleaID,117305.0,1.7280763820809002,0.4720065570481822,1.0,1.0,2.0,2.0,5.0
case_data,OriginalDispositionTrialTypeID,170032.0,1.9933424296602993,0.08132211256007625,1.0,2.0,2.0,2.0,2.0
case_data,OriginalDispositionVerdictID,31039.0,1.0457488965495023,0.3710406057214402,1.0,1.0,1.0,1.0,6.0
case_data,OriginalDispositionMethodID,240638.0,2.341853738810994,1.1973058646650414,1.0,2.0,2.0,2.0,5.0
case_data,OriginalDispositionID,239843.0,120.68606963722101,50.748715303930545,1.0,87.0,147.0,171.0,197.0
case_data,OriginalDispositionEvent,239843.0,8736.48505897608,455.5457220200079,6529.0,8046.0,9030.0,9038.0,9083.0
case_data,OriginalSentenceID,202045.0,19.2669751787968,2.4579274352656038,1.0,20.0,20.0,20.0,20.0
case_data,LatestDispositionMethodID,18070.0,4.0,0.0,4.0,4.0,4.0,4.0,4.0
case_data,LatestDispositionID,12700.0,74.12858267716535,50.9421519438655,1.0,12.0,76.0,113.0,194.0
case_data,LatestSentenceID,11344.0,16.82660437235543,4.963464601633002,2.0,16.0,20.0,20.0,20.0
case_data,EarliestKnownChargeID,271699.0,2144.6950228009673,1796.7194306918673,2.0,1058.0,1572.0,4148.0,7128.0
case_data,CriminalDefendantHistoryID,271699.0,2281783.8876587693,552609.6754098972,1066533.0,1854450.5,2371445.0,2771677.5,3093468.0
case_data,ActivationEventID,259666.0,4786.1903098595885,1288.077585006837,2641.0,2673.0,5559.0,5559.0,6236.0
case_data,ActivationTypeID,258906.0,31.022050473917176,0.2532049740929599,31.0,31.0,31.0,31.0,34.0
case_data,AssociatedBookingNumber,225396.0,1284704.7615352536,177534.89116602996,218126.0,1129081.0,1303608.0,1430443.5,1617421.0
case_data,InactivityDays,88472.0,206.85264264400035,605.6230628107685,0.0,1.0,37.0,169.0,12662.0
case_data,CalendarDaysFilingtoCurrent,30198.0,401.2494536061991,536.3238734913343,1.0,103.0,252.0,461.0,12286.0
case_data,AgeofCase,30198.0,243.15888469435063,292.8292920116886,1.0,74.0,179.0,324.75,7743.0
case_data,DispositionID,239526.0,122.35730567871546,48.59286435622972,1.0,84.0,147.0,171.0,197.0
case_data,DispositionEventID,241373.0,3693.950764998571,1774.9007880758952,897.0,943.0,4834.0,4842.0,4887.0
case_data,DispositionTypeID,241373.0,2.9986535362281614,2.3476132165790267,1.0,1.0,2.0,4.0,8.0
case_data,CalendarDaysFilingtoDisposition,229340.0,232.6551408389291,448.13424318930277,1.0,36.0,147.0,296.0,12780.0
case_data,TimetoDisposition,229340.0,173.67437865178337,256.56675160282134,1.0,26.0,122.0,251.0,12780.0
case_data,casephaseID,271699.0,1.0,0.0,1.0,1.0,1.0,1.0,1.0
case_data,UnabletoCalcAgeInactivity,271699.0,0.04475909002241451,0.2067749289629324,0.0,0.0,0.0,0.0,1.0
case_data,DispositionMethodID,241373.0,2.2859516184494537,1.170718962891711,1.0,2.0,2.0,2.0,5.0
case_data,PartyAttorneyID,271699.0,812058.9801876341,339645.1003914402,83.0,599601.5,852652.0,1099165.5,1292244.0
case_data,PartyIDRepresenting,271699.0,3169021.5499946633,1017755.0257266198,807.0,3352463.5,3561393.0,3791983.0,4129035.0
case_data,attorneyID,271699.0,67633.89243243443,42774.00824661581,47.0,27697.0,72277.0,103065.0,142238.0
case_data,AttorneyCounselTypeID,258104.0,19.621908223041874,8.28697136273743,1.0,11.0,17.0,30.0,36.0
case_data,AttorneyCaseStatusID,271658.0,7.6682004579287195,1.6547659959833407,1.0,8.0,8.0,8.0,12.0
case_data,AttorneyStartDate,0.0,,,,,,,
case_data,AttorneyEndDate,0.0,,,,,,,
pretrial_charge_interview,PK_BKG_NO,397886.0,1293434.3602313225,183038.1782811627,1000003.0,1131031.5,1307379.0,1439132.0,1617766.0
pretrial_charge_interview,PK_ATY_REC,9458.0,363.5771833368577,211.7914599750508,0.0,161.0,434.0,526.0,684.0
pretrial_charge_interview,PK_ATY_BND,70830.0,357.5133418043202,225.96212682297363,0.0,134.0,418.0,550.0,693.0
pretrial_charge_interview,PK_BND_AMT,397886.0,6691.528976968277,25016.446229356596,0.0,0.0,2500.0,5000.0,5000000.0
pretrial_charge_interview,PK_SEQ_No,397886.0,1.719266322514489,1.2127931940680938,1.0,1.0,1.0,2.0,36.0
person_data,MNI,123569.0,1866030.515946556,1944747.222258613,23.0,925606.0,1724096.0,1907414.0,8952046.0
person_data,GenderID,123568.0,1.2641865207820795,0.44104768517617465,1.0,1.0,1.0,2.0,3.0
person_data,RaceID,123569.0,5.936877372156447,2.064627444452802,1.0,7.0,7.0,7.0,7.0
person_data,EthnicityID,41612.0,1.0,0.0,1.0,1.0,1.0,1.0,1.0
person_data,CitizenshipID,122836.0,1.2821404148620925,0.9671565872315503,1.0,1.0,1.0,1.0,6.0
pretrial_defendants,PA_BKG_NO,238567.0,1297308.2594658942,185177.39373428322,1000003.0,1132653.0,1309170.0,1441688.5,1617766.0
pretrial_defendants,PB_MNI,238567.0,1799641.649058755,1966529.374354226,0.0,781150.0,1535367.0,1861507.5,8952046.0
pretrial_defendants,PB_ZIP,200936.0,209047.8402924314,10027336.353950072,0.0,78669.0,78727.0,78745.0,787671000.0
pretrial_booking_bridge,BH_BKG_NO,429635.0,1292546.6885472552,182738.13932815287,1000003.0,1130537.5,1306939.0,1438300.0,1617766.0
pretrial_booking_bridge,BH_BAIL_AMT,429635.0,4289.27890367405,18988.678935390442,0.0,0.0,1000.0,4000.0,5162011.0
pretrial_booking_bridge,BH_JCHG_NO,429635.0,1.8704132577653123,1.4293908720973614,1.0,1.0,1.0,2.0,37.0
pretrial_booking_bridge,BH_CRT_TIME,429635.0,668.3106497375679,727.353064619233,0.0,0.0,403.0,1232.0,2359.0
events,CaseID,52851.0,1441379.3884505497,473031.6864670783,336.0,1372690.0,1452895.0,1543881.0,2136014.0
events,PartyID,1982.0,1755576.5287588295,1124559.2601838063,15308.0,1108271.0,1238535.5,1366858.25,4120691.0
events,EventDateSeq,52851.0,2.0702730317307148,0.9503572595197527,1.0,2.0,2.0,2.0,37.0
events,EventCodeID,52851.0,3337.804771905924,1383.5527681734673,104.0,3941.0,3941.0,3941.0,6108.0
events,EventResultID,50448.0,105.12731921979068,37.05957100471787,6.0,119.0,119.0,119.0,185.0
events,AssociatedCountNo,364.0,1.0,0.0,1.0,1.0,1.0,1.0,1.0
events,DivisionID,52851.0,1.8393786304894892,0.367184825668281,1.0,2.0,2.0,2.0,2.0
events,EventCodeID.1,52851.0,3337.804771905924,1383.5527681734673,104.0,3941.0,3941.0,3941.0,6108.0
events,DivisionID.1,52851.0,1.8393786304894892,0.367184825668281,1.0,2.0,2.0,2.0,2.0
events,EventCode,52851.0,7195.256400068116,425.81285100147824,6073.0,7368.0,7368.0,7368.0,8080.0
events,EventCategoryID,52851.0,46.09184310609071,18.078758734508526,4.0,54.0,54.0,54.0,54.0
events,AssociatedCaseStatusID,52747.0,74.42180597948699,29.57002959010142,6.0,87.0,87.0,87.0,120.0
mental_health_events,BookingNumber,94336.0,1335709.2613106344,183014.88122364855,1000033.0,1203522.0,1344826.0,1509862.0,1617995.0
mental_health_events,MNI,94336.0,1618454.1480346846,1834306.7734333752,23.0,501503.0,1366221.5,1844235.0,8951503.0
mental_health_events,EventEntryTime,94336.0,1378.7350746268658,440.56601560848196,0.0,1044.0,1336.0,1644.0,2359.0
revocation,DivisionID,19256.0,1.3177710843373494,0.4656220369853602,1.0,1.0,1.0,2.0,2.0
revocation,CourtTypeID,19256.0,1.0,0.0,1.0,1.0,1.0,1.0,1.0
revocation,CaseTypeID,19256.0,118.89416285832988,56.99958329372719,80.0,80.0,80.0,203.0,203.0
revocation,CaseStatusID,19256.0,84.12728500207727,42.41123072409694,2.0,61.0,81.0,135.0,152.0
revocation,CaseStateID,19256.0,2.8244702949729956,0.47915302215989525,1.0,3.0,3.0,3.0,3.0
revocation,SealedFlag,19256.0,0.0,0.0,0.0,0.0,0.0,0.0,0.0
revocation,RestrictedFlag,19256.0,0.0,0.0,0.0,0.0,0.0,0.0,0.0
revocation,LatestCasePhaseID,0.0,,,,,,,
revocation,LatestAgeofPendingComplaint,0.0,,,,,,,
revocation,CriminalDefendantID,19256.0,523247.4031990029,301901.9480292912,39.0,262124.0,522507.5,785441.0,1054286.0
revocation,PartyID,19256.0,2020880.164312422,1240023.7720440372,1863.0,1045683.75,1248797.5,3488454.75,4115194.0
revocation,PersonID,19256.0,447070.6637411716,499674.6342061444,69724.0,271969.75,366944.0,422050.5,2932565.0
revocation,MNI,19256.0,1941564.608797258,2125027.3472106317,38.0,951219.25,1481567.0,1804352.75,8945143.0
revocation,OriginalBookingNumber,19231.0,1134785.3864593625,204928.45025934774,34383.0,1015105.5,1137067.0,1304064.5,1611970.0
revocation,CalendarDaysBookingtoIndictFiling,17287.0,58.0061896222595,86.34434529389735,1.0,20.0,33.0,63.0,2054.0
revocation,JailCaseTypeID,19256.0,4.248909430826755,0.8898275955092667,1.0,3.0,5.0,5.0,6.0
revocation,HighestLevelChargeCount,19255.0,1.041391846273695,0.23352661182719142,1.0,1.0,1.0,1.0,5.0
revocation,HighestLevelDispositionCount,19252.0,1.1116247662580512,0.6634298224049154,1.0,1.0,1.0,1.0,14.0
revocation,CaseChargeID,19256.0,536084.8480473618,307396.48148968857,199.0,270287.0,541596.0,804901.25,1075123.0
revocation,CountNumber,19256.0,1.2351994183631076,1.0472548684552234,1.0,1.0,1.0,1.0,24.0
revocation,CsMgmtChargeID,19256.0,1104.279912754466,1323.606286524764,25.0,114.0,337.0,1526.0,7050.0
revocation,CurrentChargeStateID,19256.0,3.0401433319484834,2.0800891008771325,1.0,2.0,2.0,2.0,10.0
revocation,OriginalDispositionPleaID,6904.0,1.8842699884125145,0.35471038653246156,1.0,2.0,2.0,2.0,5.0
revocation,OriginalDispositionTrialTypeID,6108.0,1.9913228552717748,0.0927537622466398,1.0,2.0,2.0,2.0,2.0
revocation,OriginalDispositionVerdictID,390.0,1.341025641025641,0.9480647176498109,1.0,1.0,1.0,1.0,6.0
revocation,OriginalDispositionMethodID,19256.0,3.8847631906938096,1.504313705911529,1.0,2.0,5.0,5.0,5.0
revocation,OriginalDispositionID,19253.0,62.67786838414793,41.80545589661467,1.0,20.0,72.0,101.0,181.0
revocation,OriginalDispositionEvent,19253.0,8336.46491455877,456.68023527652053,6529.0,8010.0,8034.0,9002.0,9038.0
revocation,OriginalSentenceID,6900.0,18.303768115942027,4.734206615827305,3.0,20.0,20.0,20.0,20.0
revocation,LatestDispositionMethodID,16217.0,4.0,0.0,4.0,4.0,4.0,4.0,4.0
revocation,LatestDispositionID,16128.0,58.78559027777778,47.868979900944474,4.0,12.0,75.0,102.0,171.0
revocation,LatestSentenceID,14411.0,15.750676566511693,5.221274348527077,2.0,14.0,16.0,20.0,20.0
revocation,EarliestKnownChargeID,19256.0,904.3391670128791,1167.6249630418029,24.0,114.0,323.0,1513.0,7050.0
revocation,CriminalDefendantHistoryID,19256.0,2563013.422517657,442964.37714047666,1066662.0,2569122.0,2722855.0,2774041.75,3093449.0
revocation,ActivationEventID,19255.0,4134.641859257335,849.3672498758118,28.0,3557.0,3559.0,5376.0,5559.0
revocation,ActivationTypeID,19255.0,32.998649701376266,0.05763819242048026,31.0,33.0,33.0,33.0,34.0
revocation,AssociatedBookingNumber,19256.0,1238337.680515164,159163.98533394118,1000030.0,1113518.25,1226251.5,1347864.75,1617763.0
revocation,InactivityDays,17801.0,81.30161226897366,214.01092480301298,0.0,4.0,15.0,53.0,2210.0
revocation,CalendarDaysFilingtoCurrent,2224.0,456.87589928057554,523.1045700906782,1.0,76.0,224.0,687.0,2296.0
revocation,AgeofCase,2224.0,182.57688848920864,370.16990959118004,1.0,1.0,19.0,141.75,2296.0
revocation,DispositionID,16925.0,53.4831905465288,46.365653667056606,4.0,12.0,21.0,102.0,189.0
revocation,DispositionEventID,17016.0,2164.5387282557595,1821.2215818885543,900.0,904.0,905.0,4808.0,4884.0
revocation,DispositionTypeID,17016.0,5.486835919134932,0.6217268684125187,1.0,5.0,6.0,6.0,7.0
revocation,CalendarDaysFilingtoDisposition,17015.0,120.23937702027622,144.700028180659,1.0,35.0,71.0,150.0,1961.0
revocation,TimetoDisposition,17015.0,71.03520423156039,89.88792046609562,1.0,16.0,37.0,92.0,1399.0
revocation,casephaseID,19256.0,2.0,0.0,2.0,2.0,2.0,2.0,2.0
revocation,UnabletoCalcAgeInactivity,19256.0,0.0008828417116742833,0.029700304909312466,0.0,0.0,0.0,0.0,1.0
revocation,DispositionMethodID,17016.0,4.0,0.0,4.0,4.0,4.0,4.0,4.0
revocation,PartyAttorneyID,19256.0,752606.7818342334,412583.8110510755,905.0,347513.0,854783.0,1126738.5,1291870.0
revocation,PartyIDRepresenting,19256.0,2020880.164312422,1240023.7716838433,1863.0,1045683.75,1248797.5,3488454.75,4115194.0
revocation,attorneyID,19256.0,62421.20440382219,40997.684217610775,47.0,24921.0,66460.0,99716.0,142238.0
revocation,AttorneyCounselTypeID,18768.0,14.580615942028986,7.536084056538604,2.0,10.0,11.0,17.0,36.0
revocation,AttorneyCaseStatusID,19248.0,7.851361180382377,1.2229033117338157,1.0,8.0,8.0,8.0,12.0
revocation,AttorneyStartDate,0.0,,,,,,,
revocation,AttorneyEndDate,0.0,,,,,,,
sentencing_pre2013,CaseID,63120.0,1078618.1097275033,495294.06681915035,336.0,366044.75,1379424.5,1424482.0,1496281.0
sentencing_pre2013,PartyID,63120.0,2718464.3782319394,1082856.302733253,807.0,1194025.75,3377243.5,3467608.5,4124703.0
sentencing_pre2013,CountNumber,63120.0,1.0170468948035487,0.2297471444765931,1.0,1.0,1.0,1.0,14.0
sentencing_pre2013,Sequence,63120.0,1.1422686945500633,0.3649869421941691,1.0,1.0,1.0,1.0,7.0
sentencing_pre2013,SentenceTypeID,63120.0,1.3489385297845373,0.6235759153355692,1.0,1.0,1.0,2.0,3.0
sentencing_pre2013,ReceivableTypeID,63119.0,505.57339311459305,141.6210353777495,190.0,319.0,613.0,613.0,697.0
sentencing_pre2013,AgencyID,63120.0,1178.3654309252217,409.0259390410901,227.0,872.0,1519.0,1519.0,1519.0
sentencing_pre2013,SentenceUOMID,63120.0,2.919169835234474,0.2725762761467092,2.0,3.0,3.0,3.0,3.0
sentencing_pre2013,SentenceQuantity,63120.0,489.42045310519643,6727.030336678882,0.0,15.0,60.0,300.0,364635.0
sentencing_pre2013,SentenceConcurrencyFlag,45369.0,1.2999625294804822,0.4583424557496725,0.0,1.0,1.0,2.0,2.0
sentencing_pre2013,DivisionID,63120.0,1.6982889733840305,0.45900416215979123,1.0,1.0,2.0,2.0,2.0
sentencing_post2013,CaseID,84207.0,1553383.0410417186,557416.6819015571,1026.0,1477052.5,1533712.0,2025047.5,2136447.0
sentencing_post2013,PartyID,84207.0,3340845.164986284,935785.9130412181,1247.0,3567628.5,3682992.0,3842409.5,4126656.0
sentencing_post2013,CountNumber,84207.0,1.0176944909568089,0.32539031806325924,1.0,1.0,1.0,1.0,28.0
sentencing_post2013,Sequence,84207.0,1.1972638854252022,0.45718070661795535,1.0,1.0,1.0,1.0,9.0
sentencing_post2013,SentenceTypeID,84207.0,1.420974503307326,0.6736220406063784,1.0,1.0,1.0,2.0,3.0
sentencing_post2013,ReceivableTypeID,84207.0,500.28399064210817,139.81228549642245,190.0,319.0,593.0,613.0,673.0
sentencing_post2013,AgencyID,84207.0,1161.673685085563,396.2165522150531,3.0,872.0,1084.0,1519.0,1519.0
sentencing_post2013,SentenceUOMID,84207.0,2.894996852993219,0.30655929633284373,2.0,3.0,3.0,3.0,3.0
sentencing_post2013,SentenceQuantity,84207.0,426.7844834752455,4850.601283784396,0.0,16.0,60.0,365.0,367703.0
sentencing_post2013,SentenceConcurrencyFlag,57431.0,1.3181731120823248,0.4658459083102375,0.0,1.0,1.0,2.0,2.0
sentencing_post2013,DivisionID,84207.0,1.7013668697376703,0.457661306143452,1.0,1.0,2.0,2.0,2.0
