code_column,OriginalDispositionID,n_cases,has_sentence_rate,has_plea_rate,has_verdict_rate,has_disposition_date_rate,unique_cases,unique_bookings,LatestDispositionID,DispositionID,DispositionTypeID,DispositionMethodID
OriginalDispositionID,171.0,66982,0.9999402824639455,0.9996416947836733,0.002224478218028724,1.0,66807,60300,,,,
OriginalDispositionID,147.0,44933,0.9977967195602341,0.0002002982217968976,0.0,1.0,44825,39248,,,,
OriginalDispositionID,,31856,0.0,0.0,0.0,0.05794826720241085,30035,23299,,,,
OriginalDispositionID,95.0,16856,0.9994660654959658,0.0005339345040341718,0.0,1.0,16790,14367,,,,
OriginalDispositionID,87.0,14450,0.9998615916955017,0.9982698961937716,0.9978546712802768,1.0,14341,13625,,,,
OriginalDispositionID,143.0,10985,0.9995448338643604,0.0,0.0,1.0,10960,9940,,,,
OriginalDispositionID,101.0,8314,0.9997594419052201,0.9980755352417608,0.010704835217705076,1.0,8295,7992,,,,
OriginalDispositionID,152.0,8305,0.9990367248645394,0.0007224563515954244,0.0,1.0,8286,7939,,,,
OriginalDispositionID,84.0,8119,0.9996304963665475,0.9934721024756743,0.9934721024756743,1.0,7558,6165,,,,
OriginalDispositionID,20.0,7152,0.74748322147651,0.3610178970917226,0.01552013422818792,1.0,7037,6366,,,,
OriginalDispositionID,37.0,6951,0.0,0.0,0.0,1.0,6195,5234,,,,
OriginalDispositionID,141.0,6614,0.9998488055639553,0.9983368612035077,0.00015119443604475356,1.0,6598,6147,,,,
OriginalDispositionID,83.0,6052,0.9998347653668209,0.9976867151354925,0.9973562458691342,1.0,5982,5184,,,,
OriginalDispositionID,16.0,6004,0.0014990006662225182,0.0034976682211858763,0.002331778814123917,1.0,2613,2384,,,,
OriginalDispositionID,72.0,4962,0.8037081821846029,0.35308343409915355,0.3512696493349456,1.0,4883,4528,,,,
OriginalDispositionID,26.0,4692,0.00042625745950554135,0.00021312872975277067,0.00021312872975277067,1.0,3938,3102,,,,
OriginalDispositionID,1.0,3299,0.001515610791148833,0.0009093664746892998,0.0012124886329190664,1.0,3128,2578,,,,
OriginalDispositionID,32.0,2274,0.00043975373790677223,0.0,0.0,1.0,2038,1808,,,,
OriginalDispositionID,98.0,1817,1.0,0.9994496422674739,0.023665382498624106,1.0,1812,1790,,,,
OriginalDispositionID,65.0,1778,0.0,0.0,0.0,1.0,1764,1683,,,,
OriginalDispositionID,31.0,1263,0.000791765637371338,0.0,0.0,1.0,1195,1072,,,,
OriginalDispositionID,150.0,1085,1.0,0.0,0.0,1.0,1039,963,,,,
OriginalDispositionID,85.0,982,0.0,0.0,0.0,1.0,720,676,,,,
OriginalDispositionID,27.0,810,0.0,0.0,0.0,1.0,789,760,,,,
OriginalDispositionID,24.0,772,0.0,0.0,0.0,1.0,531,431,,,,
OriginalDispositionID,159.0,736,1.0,0.0,0.0,1.0,699,652,,,,
OriginalDispositionID,149.0,658,1.0,0.0,0.0,1.0,641,610,,,,
OriginalDispositionID,156.0,435,1.0,0.0,0.0,1.0,433,387,,,,
OriginalDispositionID,25.0,324,0.0030864197530864196,0.0030864197530864196,0.0030864197530864196,1.0,321,281,,,,
OriginalDispositionID,160.0,310,1.0,0.0,0.0,1.0,309,286,,,,
OriginalDispositionID,154.0,283,1.0,0.0,0.0,1.0,282,223,,,,
OriginalDispositionID,168.0,220,0.9954545454545455,0.990909090909091,0.031818181818181815,1.0,220,182,,,,
OriginalDispositionID,151.0,210,0.9952380952380953,0.0,0.0,1.0,210,180,,,,
OriginalDispositionID,148.0,157,1.0,0.0,0.0,1.0,153,133,,,,
OriginalDispositionID,140.0,130,1.0,1.0,0.0,1.0,130,121,,,,
OriginalDispositionID,29.0,126,0.0,0.0,0.0,1.0,119,103,,,,
OriginalDispositionID,69.0,113,0.0,0.9911504424778761,0.9911504424778761,1.0,55,48,,,,
OriginalDispositionID,181.0,101,1.0,0.9603960396039604,0.9405940594059405,1.0,100,87,,,,
OriginalDispositionID,79.0,92,0.9782608695652174,0.03260869565217391,0.03260869565217391,1.0,85,68,,,,
OriginalDispositionID,15.0,89,0.033707865168539325,0.056179775280898875,0.033707865168539325,1.0,26,26,,,,
OriginalDispositionID,64.0,42,1.0,1.0,1.0,1.0,25,23,,,,
OriginalDispositionID,142.0,38,0.9736842105263158,0.0,0.0,1.0,38,37,,,,
OriginalDispositionID,51.0,37,1.0,1.0,1.0,1.0,37,14,,,,
OriginalDispositionID,67.0,36,0.0,0.4722222222222222,0.3055555555555556,1.0,33,28,,,,
OriginalDispositionID,11.0,29,0.13793103448275862,0.0,0.0,1.0,18,11,,,,
OriginalDispositionID,33.0,27,0.0,0.0,0.0,1.0,26,22,,,,
OriginalDispositionID,78.0,25,1.0,0.04,0.04,1.0,25,21,,,,
OriginalDispositionID,81.0,25,1.0,0.0,0.0,1.0,25,22,,,,
OriginalDispositionID,68.0,25,0.0,0.76,0.76,1.0,22,20,,,,
OriginalDispositionID,155.0,17,1.0,0.0,0.0,1.0,17,13,,,,
OriginalDispositionID,161.0,15,1.0,0.0,0.0,1.0,15,14,,,,
OriginalDispositionID,182.0,13,0.9230769230769231,0.9230769230769231,0.8461538461538461,1.0,13,12,,,,
OriginalDispositionID,162.0,10,1.0,0.0,0.0,1.0,10,0,,,,
OriginalDispositionID,153.0,8,1.0,0.0,0.0,1.0,8,7,,,,
OriginalDispositionID,172.0,7,1.0,0.2857142857142857,0.0,1.0,6,6,,,,
OriginalDispositionID,183.0,7,1.0,0.5714285714285714,0.5714285714285714,1.0,6,5,,,,
OriginalDispositionID,18.0,6,1.0,0.5,0.5,1.0,2,2,,,,
OriginalDispositionID,3.0,6,0.0,1.0,1.0,1.0,2,2,,,,
OriginalDispositionID,2.0,5,0.0,1.0,1.0,1.0,3,3,,,,
OriginalDispositionID,17.0,4,0.0,0.0,0.0,1.0,1,1,,,,
OriginalDispositionID,82.0,4,1.0,0.0,0.0,1.0,4,4,,,,
OriginalDispositionID,158.0,3,1.0,0.0,0.0,1.0,3,3,,,,
OriginalDispositionID,170.0,3,1.0,0.0,0.0,1.0,2,0,,,,
OriginalDispositionID,30.0,2,0.0,0.0,0.0,1.0,2,1,,,,
OriginalDispositionID,197.0,2,1.0,0.0,0.0,1.0,2,2,,,,
OriginalDispositionID,96.0,2,1.0,0.0,0.0,1.0,2,1,,,,
OriginalDispositionID,14.0,2,0.5,1.0,1.0,1.0,2,0,,,,
OriginalDispositionID,6.0,1,1.0,0.0,0.0,1.0,1,1,,,,
OriginalDispositionID,5.0,1,1.0,1.0,1.0,1.0,1,1,,,,
OriginalDispositionID,13.0,1,1.0,0.0,0.0,1.0,1,1,,,,
OriginalDispositionID,28.0,1,0.0,0.0,0.0,1.0,1,0,,,,
OriginalDispositionID,74.0,1,1.0,0.0,0.0,1.0,1,1,,,,
OriginalDispositionID,36.0,1,0.0,0.0,0.0,1.0,1,0,,,,
OriginalDispositionID,137.0,1,1.0,0.0,0.0,1.0,1,1,,,,
OriginalDispositionID,179.0,1,1.0,1.0,0.0,1.0,1,1,,,,
LatestDispositionID,,258999,0.7561071664369361,0.43081247417943697,0.11960277838910575,0.8841308267599489,247702,184233,,,,
LatestDispositionID,,1735,1.0,0.9948126801152738,0.005187319884726225,1.0,1731,1686,102.0,,,
LatestDispositionID,,1670,1.0,0.9988023952095808,0.008982035928143712,1.0,1663,1627,113.0,,,
LatestDispositionID,,1343,0.6075949367088608,0.0014892032762472078,0.0014892032762472078,1.0,1311,1236,12.0,,,
LatestDispositionID,,1174,1.0,0.995741056218058,0.0008517887563884157,1.0,1171,1134,137.0,,,
LatestDispositionID,,916,1.0,0.9989082969432315,0.0,1.0,912,874,114.0,,,
LatestDispositionID,,879,0.664391353811149,0.0034129692832764505,0.0022753128555176336,1.0,870,823,13.0,,,
LatestDispositionID,,847,0.9940968122786304,0.0011806375442739079,0.0,1.0,837,778,6.0,,,
LatestDispositionID,,796,0.9974874371859297,0.0,0.0,1.0,780,717,76.0,,,
LatestDispositionID,,558,0.9982078853046595,0.0,0.0,1.0,547,542,75.0,,,
LatestDispositionID,,553,0.9963833634719711,0.0,0.0,1.0,550,514,4.0,,,
LatestDispositionID,,462,1.0,0.0,0.0,1.0,459,449,5.0,,,
LatestDispositionID,,417,1.0,0.0,0.0,1.0,414,393,74.0,,,
LatestDispositionID,,161,0.9937888198757764,0.2236024844720497,0.024844720496894408,1.0,152,132,147.0,,,
LatestDispositionID,,156,1.0,0.00641025641025641,0.0,1.0,155,131,155.0,,,
LatestDispositionID,,123,1.0,0.8617886178861789,0.04878048780487805,1.0,122,116,171.0,,,
LatestDispositionID,,112,0.0,0.0,0.0,1.0,42,40,24.0,,,
LatestDispositionID,,95,0.09473684210526316,0.0,0.0,1.0,60,53,37.0,,,
LatestDispositionID,,95,0.9578947368421052,0.031578947368421054,0.031578947368421054,1.0,90,74,72.0,,,
LatestDispositionID,,89,1.0,0.02247191011235955,0.0,1.0,46,43,150.0,,,
LatestDispositionID,,50,0.06,0.0,0.0,1.0,30,27,26.0,,,
LatestDispositionID,,48,0.9166666666666666,0.0625,0.0625,1.0,43,40,84.0,,,
LatestDispositionID,,45,0.0,0.0,0.0,1.0,23,23,27.0,,,
LatestDispositionID,,42,1.0,0.0,0.0,1.0,21,21,159.0,,,
LatestDispositionID,,34,1.0,0.2647058823529412,0.0,1.0,31,31,152.0,,,
LatestDispositionID,,32,1.0,0.0,0.0,1.0,17,16,149.0,,,
LatestDispositionID,,25,0.96,0.16,0.16,1.0,25,25,87.0,,,
LatestDispositionID,,22,1.0,0.9545454545454546,0.18181818181818182,1.0,22,21,101.0,,,
LatestDispositionID,,21,1.0,0.42857142857142855,0.09523809523809523,1.0,20,18,143.0,,,
LatestDispositionID,,20,0.45,0.0,0.0,1.0,16,15,31.0,,,
LatestDispositionID,,18,0.2222222222222222,0.05555555555555555,0.05555555555555555,1.0,11,10,1.0,,,
LatestDispositionID,,17,0.8823529411764706,0.0,0.0,1.0,17,16,7.0,,,
LatestDispositionID,,16,1.0,0.3125,0.0,1.0,16,15,95.0,,,
LatestDispositionID,,15,0.8,0.2,0.2,1.0,15,13,83.0,,,
LatestDispositionID,,13,0.0,0.0,0.0,1.0,7,6,32.0,,,
LatestDispositionID,,10,1.0,0.4,0.0,1.0,10,9,20.0,,,
LatestDispositionID,,8,1.0,0.125,0.0,1.0,8,8,148.0,,,
LatestDispositionID,,8,1.0,1.0,0.0,1.0,8,7,98.0,,,
LatestDispositionID,,7,1.0,0.0,0.0,1.0,7,7,79.0,,,
LatestDispositionID,,7,1.0,1.0,0.0,1.0,6,6,194.0,,,
LatestDispositionID,,6,0.0,0.0,0.0,1.0,3,3,65.0,,,
LatestDispositionID,,6,1.0,1.0,0.0,1.0,6,6,136.0,,,
LatestDispositionID,,5,1.0,0.8,0.6,1.0,5,4,181.0,,,
LatestDispositionID,,5,0.0,0.0,0.0,1.0,5,5,85.0,,,
LatestDispositionID,,5,1.0,0.0,0.0,1.0,4,4,154.0,,,
LatestDispositionID,,4,1.0,0.5,0.0,1.0,4,4,156.0,,,
LatestDispositionID,,4,0.25,0.0,0.0,1.0,3,3,25.0,,,
LatestDispositionID,,3,1.0,0.3333333333333333,0.0,1.0,3,3,151.0,,,
LatestDispositionID,,3,1.0,0.6666666666666666,0.0,1.0,3,3,141.0,,,
LatestDispositionID,,3,0.0,0.0,0.0,1.0,3,3,67.0,,,
LatestDispositionID,,3,0.6666666666666666,0.0,0.0,1.0,3,3,16.0,,,
LatestDispositionID,,2,1.0,0.0,0.0,1.0,1,1,2.0,,,
LatestDispositionID,,2,0.0,0.0,0.0,1.0,2,1,11.0,,,
LatestDispositionID,,2,1.0,0.0,0.0,1.0,2,2,51.0,,,
LatestDispositionID,,2,1.0,0.0,0.0,1.0,2,2,78.0,,,
LatestDispositionID,,1,0.0,0.0,0.0,1.0,1,1,29.0,,,
LatestDispositionID,,1,1.0,1.0,0.0,1.0,1,1,142.0,,,
LatestDispositionID,,1,1.0,0.0,0.0,1.0,1,1,158.0,,,
LatestDispositionID,,1,1.0,0.0,0.0,1.0,1,1,160.0,,,
LatestDispositionID,,1,1.0,1.0,0.0,1.0,1,1,168.0,,,
LatestDispositionID,,1,1.0,1.0,0.0,1.0,1,1,193.0,,,
DispositionID,,66206,0.9999546868863849,0.9996223907198744,0.00222034256713893,1.0,66031,59553,,171.0,,
DispositionID,,44894,0.9978393549249343,0.0003341203724328418,0.0,1.0,44791,39215,,147.0,,
DispositionID,,32173,0.009138097162216766,0.004227146986603674,0.0030460323874055887,0.06723028626488049,30369,23613,,,,
DispositionID,,16793,0.9994640624069553,0.0006550348359435479,0.0,1.0,16733,14317,,95.0,,
DispositionID,,14135,0.7765122037495579,0.6780332507958967,0.6413866289352671,1.0,12464,11823,,73.0,,
DispositionID,,10963,0.999726352275837,9.121590805436468e-05,0.0,1.0,10939,9921,,143.0,,
DispositionID,,10177,0.7384297926697455,0.7401984867839245,0.739215878942714,1.0,6972,5697,,84.0,,
DispositionID,,8299,0.9990360284371611,0.0007229786721291722,0.0,1.0,8282,7936,,152.0,,
DispositionID,,7891,0.9759219363832214,0.9744012165758459,0.9738943099733874,1.0,7681,7342,,87.0,,
DispositionID,,7743,0.9997417021826166,0.9988376598217745,0.011494252873563218,1.0,7723,7428,,101.0,,
DispositionID,,6936,0.0,0.0,0.0,1.0,6205,5241,,37.0,,
DispositionID,,6603,1.0,0.998485536877177,0.00015144631228229593,1.0,6587,6138,,141.0,,
DispositionID,,6029,0.6802123071819539,0.3383645712390114,0.014761983745231381,1.0,4788,4289,,20.0,,
DispositionID,,4877,0.9425876563461144,0.9409473036702891,0.9405372155013327,1.0,4547,3992,,83.0,,
DispositionID,,4695,0.0004259850905218317,0.00021299254526091586,0.00021299254526091586,1.0,3948,3112,,26.0,,
DispositionID,,3682,0.8191200434546442,0.39299293862031504,0.39082020640956,1.0,3333,3075,,72.0,,
DispositionID,,3291,0.001215436037678517,0.0009115770282588879,0.001215436037678517,1.0,3121,2574,,1.0,,
DispositionID,,2270,0.0026431718061674008,0.001762114537444934,0.001762114537444934,1.0,2039,1808,,32.0,,
DispositionID,,1790,1.0,0.9994413407821229,0.024022346368715083,1.0,1785,1763,,98.0,,
DispositionID,,1770,0.0,0.0,0.0,1.0,1767,1686,,65.0,,
DispositionID,,1486,0.9973082099596231,0.990578734858681,0.0026917900403768506,1.0,1485,1467,,189.0,,
DispositionID,,1259,0.0007942811755361397,0.0,0.0,1.0,1195,1072,,31.0,,
DispositionID,,1098,1.0,0.0009107468123861566,0.0,1.0,1062,982,,150.0,,
DispositionID,,921,0.0,0.0,0.0,1.0,720,676,,85.0,,
DispositionID,,819,0.0,0.0,0.0,1.0,803,774,,27.0,,
DispositionID,,783,0.0,0.0,0.0,1.0,561,459,,24.0,,
DispositionID,,685,1.0,0.0,0.0,1.0,674,628,,159.0,,
DispositionID,,659,1.0,0.0,0.0,1.0,654,623,,149.0,,
DispositionID,,434,1.0,0.0,0.0,1.0,432,386,,156.0,,
DispositionID,,324,0.0030864197530864196,0.0030864197530864196,0.0030864197530864196,1.0,321,281,,25.0,,
DispositionID,,310,1.0,0.0,0.0,1.0,309,286,,160.0,,
DispositionID,,284,1.0,0.0,0.0,1.0,283,224,,154.0,,
DispositionID,,209,0.9952153110047847,0.0,0.0,1.0,209,179,,151.0,,
DispositionID,,153,1.0,0.0,0.0,1.0,153,133,,148.0,,
DispositionID,,137,0.5328467153284672,0.021897810218978103,0.021897810218978103,1.0,70,54,,79.0,,
DispositionID,,128,1.0,1.0,0.0,1.0,128,119,,140.0,,
DispositionID,,126,0.0,0.0,0.0,1.0,119,103,,29.0,,
DispositionID,,99,1.0,0.9595959595959596,0.9393939393939394,1.0,98,85,,181.0,,
DispositionID,,78,1.0,0.9871794871794872,0.07692307692307693,1.0,78,44,,168.0,,
DispositionID,,62,0.7096774193548387,0.7419354838709677,0.7419354838709677,1.0,24,22,,64.0,,
DispositionID,,52,0.3076923076923077,0.3076923076923077,0.3076923076923077,1.0,16,1,,51.0,,
DispositionID,,37,0.972972972972973,0.0,0.0,1.0,37,36,,142.0,,
DispositionID,,37,0.0,0.4594594594594595,0.2972972972972973,1.0,32,27,,67.0,,
DispositionID,,36,0.6388888888888888,0.027777777777777776,0.027777777777777776,1.0,23,21,,78.0,,
DispositionID,,36,0.0,0.9166666666666666,0.9166666666666666,1.0,27,23,,69.0,,
DispositionID,,26,0.0,0.0,0.0,1.0,25,21,,33.0,,
DispositionID,,25,1.0,0.0,0.0,1.0,25,19,,155.0,,
DispositionID,,21,1.0,0.0,0.0,1.0,21,19,,81.0,,
DispositionID,,20,0.0,0.9,0.9,1.0,19,17,,68.0,,
DispositionID,,16,0.125,0.0,0.0,1.0,14,7,,11.0,,
DispositionID,,15,1.0,0.0,0.0,1.0,15,14,,161.0,,
DispositionID,,13,0.9230769230769231,0.9230769230769231,0.8461538461538461,1.0,13,12,,182.0,,
DispositionID,,10,1.0,0.0,0.0,1.0,10,0,,162.0,,
DispositionID,,9,0.5555555555555556,0.0,0.0,1.0,9,9,,188.0,,
DispositionID,,8,1.0,0.0,0.0,1.0,8,7,,153.0,,
DispositionID,,7,1.0,1.0,0.0,1.0,7,7,,167.0,,
DispositionID,,7,1.0,0.5714285714285714,0.5714285714285714,1.0,6,5,,183.0,,
DispositionID,,6,1.0,0.5,0.5,1.0,2,2,,18.0,,
DispositionID,,5,0.8,0.2,0.2,1.0,5,5,,169.0,,
DispositionID,,5,0.0,1.0,1.0,1.0,1,1,,3.0,,
DispositionID,,5,0.2,0.4,0.4,1.0,2,0,,14.0,,
DispositionID,,4,1.0,0.0,0.0,1.0,4,3,,158.0,,
DispositionID,,3,1.0,0.0,0.0,1.0,3,3,,82.0,,
DispositionID,,3,0.0,1.0,1.0,1.0,2,2,,2.0,,
DispositionID,,2,1.0,0.0,0.0,1.0,2,2,,197.0,,
DispositionID,,2,1.0,0.0,0.0,1.0,2,0,,170.0,,
DispositionID,,2,1.0,0.0,0.0,1.0,2,1,,96.0,,
DispositionID,,2,0.0,0.0,0.0,1.0,1,1,,62.0,,
DispositionID,,2,0.5,0.0,0.0,1.0,1,1,,6.0,,
DispositionID,,2,0.0,0.0,0.0,1.0,2,1,,30.0,,
DispositionID,,1,1.0,1.0,1.0,1.0,1,1,,5.0,,
DispositionID,,1,1.0,0.0,0.0,1.0,1,1,,12.0,,
DispositionID,,1,0.0,0.0,0.0,1.0,1,0,,28.0,,
DispositionID,,1,1.0,1.0,1.0,1.0,1,1,,16.0,,
DispositionID,,1,1.0,1.0,0.0,1.0,1,0,,44.0,,
DispositionID,,1,0.0,0.0,0.0,1.0,1,0,,36.0,,
DispositionID,,1,0.0,0.0,0.0,1.0,1,1,,126.0,,
DispositionID,,1,0.0,0.0,0.0,1.0,1,1,,76.0,,
DispositionID,,1,0.0,0.0,0.0,1.0,1,1,,146.0,,
DispositionID,,1,1.0,1.0,0.0,1.0,1,1,,179.0,,
DispositionTypeID,,115686,0.950849713880677,0.9296371211728299,0.26407689780958804,1.0,110056,95550,,,1.0,
DispositionTypeID,,65382,0.8293414089504757,0.00044354715365085194,0.00012235783548989018,1.0,63271,54383,,,4.0,
DispositionTypeID,,32090,0.8659707073854783,0.0004985976939856653,0.00012464942349641633,1.0,31621,27014,,,7.0,
DispositionTypeID,,30326,0.009233001384950208,0.0037921255688188353,0.002572050385807558,0.010420101563015234,28560,22087,,,,
DispositionTypeID,,17030,0.7100998238402818,0.5465648854961832,0.006987668819729889,1.0,15357,13922,,,2.0,
DispositionTypeID,,10867,0.25747676451642587,0.002484586362381522,0.002300542928131039,1.0,10627,9420,,,8.0,
DispositionTypeID,,318,0.4748427672955975,0.8301886792452831,0.8018867924528302,1.0,219,190,,,3.0,
DispositionMethodID,,168608,0.9994780793319415,0.49816141582843043,0.002574017840197381,1.0,168084,132486,,,,2.0
DispositionMethodID,,36596,0.8747950595693519,0.8750136626953765,0.8030385834517434,1.0,31618,27992,,,,1.0
DispositionMethodID,,34724,0.15888146526897823,0.0013535306992281996,0.000806358714433821,1.0,30794,25666,,,,5.0
DispositionMethodID,,30326,0.009233001384950208,0.0037921255688188353,0.002572050385807558,0.010420101563015234,28560,22087,,,,
DispositionMethodID,,1445,0.6948096885813149,0.7799307958477508,0.7688581314878893,1.0,656,568,,,,3.0
