complete_key,complete_unique,raw_unique,shared_unique,complete_overlap_pct,raw_overlap_pct,raw_file,raw_sheet,raw_key
pretrial_id,85459,259568,0,0.0,0.0,CaseData_v2.csv,,CaseID
defendant_booking_id,85420,259568,32629,38.2,12.57,CaseData_v2.csv,,CaseID
person_mni,66177,259568,8512,12.86,3.28,CaseData_v2.csv,,CaseID
PK_BKG_NO,85416,259568,32629,38.2,12.57,CaseData_v2.csv,,CaseID
pretrial_id,85459,2,0,0.0,0.0,CaseData_v2.csv,,DivisionID
defendant_booking_id,85420,2,0,0.0,0.0,CaseData_v2.csv,,DivisionID
person_mni,66177,2,0,0.0,0.0,CaseData_v2.csv,,DivisionID
PK_BKG_NO,85416,2,0,0.0,0.0,CaseData_v2.csv,,DivisionID
pretrial_id,85459,1,0,0.0,0.0,CaseData_v2.csv,,CourtTypeID
defendant_booking_id,85420,1,0,0.0,0.0,CaseData_v2.csv,,CourtTypeID
person_mni,66177,1,0,0.0,0.0,CaseData_v2.csv,,CourtTypeID
PK_BKG_NO,85416,1,0,0.0,0.0,CaseData_v2.csv,,CourtTypeID
pretrial_id,85459,12,0,0.0,0.0,CaseData_v2.csv,,CaseTypeID
defendant_booking_id,85420,12,0,0.0,0.0,CaseData_v2.csv,,CaseTypeID
person_mni,66177,12,0,0.0,0.0,CaseData_v2.csv,,CaseTypeID
PK_BKG_NO,85416,12,0,0.0,0.0,CaseData_v2.csv,,CaseTypeID
pretrial_id,85459,77,0,0.0,0.0,CaseData_v2.csv,,CaseStatusID
defendant_booking_id,85420,77,0,0.0,0.0,CaseData_v2.csv,,CaseStatusID
person_mni,66177,77,2,0.0,2.6,CaseData_v2.csv,,CaseStatusID
PK_BKG_NO,85416,77,0,0.0,0.0,CaseData_v2.csv,,CaseStatusID
pretrial_id,85459,3,0,0.0,0.0,CaseData_v2.csv,,CaseStateID
defendant_booking_id,85420,3,0,0.0,0.0,CaseData_v2.csv,,CaseStateID
person_mni,66177,3,0,0.0,0.0,CaseData_v2.csv,,CaseStateID
PK_BKG_NO,85416,3,0,0.0,0.0,CaseData_v2.csv,,CaseStateID
pretrial_id,85459,2620,0,0.0,0.0,CaseData_v2.csv,,CaseInitiationDate
defendant_booking_id,85420,2620,0,0.0,0.0,CaseData_v2.csv,,CaseInitiationDate
person_mni,66177,2620,0,0.0,0.0,CaseData_v2.csv,,CaseInitiationDate
PK_BKG_NO,85416,2620,0,0.0,0.0,CaseData_v2.csv,,CaseInitiationDate
pretrial_id,85459,2359,0,0.0,0.0,CaseData_v2.csv,,DateCaseEntered
defendant_booking_id,85420,2359,0,0.0,0.0,CaseData_v2.csv,,DateCaseEntered
person_mni,66177,2359,0,0.0,0.0,CaseData_v2.csv,,DateCaseEntered
PK_BKG_NO,85416,2359,0,0.0,0.0,CaseData_v2.csv,,DateCaseEntered
pretrial_id,85459,4,0,0.0,0.0,CaseData_v2.csv,,CaseStateIssue
defendant_booking_id,85420,4,0,0.0,0.0,CaseData_v2.csv,,CaseStateIssue
person_mni,66177,4,0,0.0,0.0,CaseData_v2.csv,,CaseStateIssue
PK_BKG_NO,85416,4,0,0.0,0.0,CaseData_v2.csv,,CaseStateIssue
pretrial_id,85459,0,0,0.0,0.0,CaseData_v2.csv,,LatestCasePhaseID
defendant_booking_id,85420,0,0,0.0,0.0,CaseData_v2.csv,,LatestCasePhaseID
person_mni,66177,0,0,0.0,0.0,CaseData_v2.csv,,LatestCasePhaseID
PK_BKG_NO,85416,0,0,0.0,0.0,CaseData_v2.csv,,LatestCasePhaseID
pretrial_id,85459,259580,0,0.0,0.0,CaseData_v2.csv,,CriminalDefendantID
defendant_booking_id,85420,259580,1152,1.35,0.44,CaseData_v2.csv,,CriminalDefendantID
person_mni,66177,259580,4042,6.11,1.56,CaseData_v2.csv,,CriminalDefendantID
PK_BKG_NO,85416,259580,1151,1.35,0.44,CaseData_v2.csv,,CriminalDefendantID
pretrial_id,85459,259580,0,0.0,0.0,CaseData_v2.csv,,PartyID
defendant_booking_id,85420,259580,3413,4.0,1.31,CaseData_v2.csv,,PartyID
person_mni,66177,259580,913,1.38,0.35,CaseData_v2.csv,,PartyID
PK_BKG_NO,85416,259580,3413,4.0,1.31,CaseData_v2.csv,,PartyID
pretrial_id,85459,123964,0,0.0,0.0,CaseData_v2.csv,,PersonID
defendant_booking_id,85420,123964,2,0.0,0.0,CaseData_v2.csv,,PersonID
person_mni,66177,123964,2069,3.13,1.67,CaseData_v2.csv,,PersonID
PK_BKG_NO,85416,123964,2,0.0,0.0,CaseData_v2.csv,,PersonID
pretrial_id,85459,123940,0,0.0,0.0,CaseData_v2.csv,,MNI
defendant_booking_id,85420,123940,3065,3.59,2.47,CaseData_v2.csv,,MNI
person_mni,66177,123940,62131,93.89,50.13,CaseData_v2.csv,,MNI
PK_BKG_NO,85416,123940,3065,3.59,2.47,CaseData_v2.csv,,MNI
pretrial_id,85459,191506,0,0.0,0.0,CaseData_v2.csv,,OriginalBookingNumber
defendant_booking_id,85420,191506,77563,90.8,40.5,CaseData_v2.csv,,OriginalBookingNumber
person_mni,66177,191506,3554,5.37,1.86,CaseData_v2.csv,,OriginalBookingNumber
PK_BKG_NO,85416,191506,77561,90.8,40.5,CaseData_v2.csv,,OriginalBookingNumber
pretrial_id,85459,2986,0,0.0,0.0,CaseData_v2.csv,,BookingDate
defendant_booking_id,85420,2986,0,0.0,0.0,CaseData_v2.csv,,BookingDate
person_mni,66177,2986,0,0.0,0.0,CaseData_v2.csv,,BookingDate
PK_BKG_NO,85416,2986,0,0.0,0.0,CaseData_v2.csv,,BookingDate
pretrial_id,85459,1644,0,0.0,0.0,CaseData_v2.csv,,CalendarDaysBookingtoIndictFiling
defendant_booking_id,85420,1644,0,0.0,0.0,CaseData_v2.csv,,CalendarDaysBookingtoIndictFiling
person_mni,66177,1644,28,0.04,1.7,CaseData_v2.csv,,CalendarDaysBookingtoIndictFiling
PK_BKG_NO,85416,1644,0,0.0,0.0,CaseData_v2.csv,,CalendarDaysBookingtoIndictFiling
pretrial_id,85459,8,0,0.0,0.0,CaseData_v2.csv,,JailCaseTypeID
defendant_booking_id,85420,8,0,0.0,0.0,CaseData_v2.csv,,JailCaseTypeID
person_mni,66177,8,0,0.0,0.0,CaseData_v2.csv,,JailCaseTypeID
PK_BKG_NO,85416,8,0,0.0,0.0,CaseData_v2.csv,,JailCaseTypeID
pretrial_id,85459,269736,0,0.0,0.0,CaseData_v2.csv,,CaseChargeID
defendant_booking_id,85420,269736,1681,1.97,0.62,CaseData_v2.csv,,CaseChargeID
person_mni,66177,269736,4425,6.69,1.64,CaseData_v2.csv,,CaseChargeID
PK_BKG_NO,85416,269736,1679,1.97,0.62,CaseData_v2.csv,,CaseChargeID
pretrial_id,85459,1151,0,0.0,0.0,CaseData_v2.csv,,CsMgmtChargeID
defendant_booking_id,85420,1151,0,0.0,0.0,CaseData_v2.csv,,CsMgmtChargeID
person_mni,66177,1151,24,0.04,2.09,CaseData_v2.csv,,CsMgmtChargeID
PK_BKG_NO,85416,1151,0,0.0,0.0,CaseData_v2.csv,,CsMgmtChargeID
pretrial_id,85459,5,0,0.0,0.0,CaseData_v2.csv,,CurrentChargeStateID
defendant_booking_id,85420,5,0,0.0,0.0,CaseData_v2.csv,,CurrentChargeStateID
person_mni,66177,5,0,0.0,0.0,CaseData_v2.csv,,CurrentChargeStateID
PK_BKG_NO,85416,5,0,0.0,0.0,CaseData_v2.csv,,CurrentChargeStateID
pretrial_id,85459,4,0,0.0,0.0,CaseData_v2.csv,,OriginalDispositionPleaID
defendant_booking_id,85420,4,0,0.0,0.0,CaseData_v2.csv,,OriginalDispositionPleaID
person_mni,66177,4,0,0.0,0.0,CaseData_v2.csv,,OriginalDispositionPleaID
PK_BKG_NO,85416,4,0,0.0,0.0,CaseData_v2.csv,,OriginalDispositionPleaID
pretrial_id,85459,2,0,0.0,0.0,CaseData_v2.csv,,OriginalDispositionTrialTypeID
defendant_booking_id,85420,2,0,0.0,0.0,CaseData_v2.csv,,OriginalDispositionTrialTypeID
person_mni,66177,2,0,0.0,0.0,CaseData_v2.csv,,OriginalDispositionTrialTypeID
PK_BKG_NO,85416,2,0,0.0,0.0,CaseData_v2.csv,,OriginalDispositionTrialTypeID
pretrial_id,85459,6,0,0.0,0.0,CaseData_v2.csv,,OriginalDispositionVerdictID
defendant_booking_id,85420,6,0,0.0,0.0,CaseData_v2.csv,,OriginalDispositionVerdictID
person_mni,66177,6,0,0.0,0.0,CaseData_v2.csv,,OriginalDispositionVerdictID
PK_BKG_NO,85416,6,0,0.0,0.0,CaseData_v2.csv,,OriginalDispositionVerdictID
pretrial_id,85459,4,0,0.0,0.0,CaseData_v2.csv,,OriginalDispositionMethodID
defendant_booking_id,85420,4,0,0.0,0.0,CaseData_v2.csv,,OriginalDispositionMethodID
person_mni,66177,4,0,0.0,0.0,CaseData_v2.csv,,OriginalDispositionMethodID
PK_BKG_NO,85416,4,0,0.0,0.0,CaseData_v2.csv,,OriginalDispositionMethodID
pretrial_id,85459,74,0,0.0,0.0,CaseData_v2.csv,,OriginalDispositionID
defendant_booking_id,85420,74,0,0.0,0.0,CaseData_v2.csv,,OriginalDispositionID
person_mni,66177,74,0,0.0,0.0,CaseData_v2.csv,,OriginalDispositionID
PK_BKG_NO,85416,74,0,0.0,0.0,CaseData_v2.csv,,OriginalDispositionID
pretrial_id,85459,15,0,0.0,0.0,CaseData_v2.csv,,OriginalSentenceID
defendant_booking_id,85420,15,0,0.0,0.0,CaseData_v2.csv,,OriginalSentenceID
person_mni,66177,15,0,0.0,0.0,CaseData_v2.csv,,OriginalSentenceID
PK_BKG_NO,85416,15,0,0.0,0.0,CaseData_v2.csv,,OriginalSentenceID
pretrial_id,85459,1,0,0.0,0.0,CaseData_v2.csv,,LatestDispositionMethodID
defendant_booking_id,85420,1,0,0.0,0.0,CaseData_v2.csv,,LatestDispositionMethodID
person_mni,66177,1,0,0.0,0.0,CaseData_v2.csv,,LatestDispositionMethodID
PK_BKG_NO,85416,1,0,0.0,0.0,CaseData_v2.csv,,LatestDispositionMethodID
pretrial_id,85459,60,0,0.0,0.0,CaseData_v2.csv,,LatestDispositionID
defendant_booking_id,85420,60,0,0.0,0.0,CaseData_v2.csv,,LatestDispositionID
person_mni,66177,60,0,0.0,0.0,CaseData_v2.csv,,LatestDispositionID
PK_BKG_NO,85416,60,0,0.0,0.0,CaseData_v2.csv,,LatestDispositionID
pretrial_id,85459,14,0,0.0,0.0,CaseData_v2.csv,,LatestSentenceID
defendant_booking_id,85420,14,0,0.0,0.0,CaseData_v2.csv,,LatestSentenceID
person_mni,66177,14,0,0.0,0.0,CaseData_v2.csv,,LatestSentenceID
PK_BKG_NO,85416,14,0,0.0,0.0,CaseData_v2.csv,,LatestSentenceID
pretrial_id,85459,1084,0,0.0,0.0,CaseData_v2.csv,,EarliestKnownChargeID
defendant_booking_id,85420,1084,0,0.0,0.0,CaseData_v2.csv,,EarliestKnownChargeID
person_mni,66177,1084,23,0.03,2.12,CaseData_v2.csv,,EarliestKnownChargeID
PK_BKG_NO,85416,1084,0,0.0,0.0,CaseData_v2.csv,,EarliestKnownChargeID
pretrial_id,85459,260088,0,0.0,0.0,CaseData_v2.csv,,CriminalDefendantHistoryID
defendant_booking_id,85420,260088,13541,15.85,5.21,CaseData_v2.csv,,CriminalDefendantHistoryID
person_mni,66177,260088,5795,8.76,2.23,CaseData_v2.csv,,CriminalDefendantHistoryID
PK_BKG_NO,85416,260088,13541,15.85,5.21,CaseData_v2.csv,,CriminalDefendantHistoryID
pretrial_id,85459,17,0,0.0,0.0,CaseData_v2.csv,,ActivationEventID
defendant_booking_id,85420,17,0,0.0,0.0,CaseData_v2.csv,,ActivationEventID
person_mni,66177,17,0,0.0,0.0,CaseData_v2.csv,,ActivationEventID
PK_BKG_NO,85416,17,0,0.0,0.0,CaseData_v2.csv,,ActivationEventID
pretrial_id,85459,3,0,0.0,0.0,CaseData_v2.csv,,ActivationTypeID
defendant_booking_id,85420,3,0,0.0,0.0,CaseData_v2.csv,,ActivationTypeID
person_mni,66177,3,0,0.0,0.0,CaseData_v2.csv,,ActivationTypeID
PK_BKG_NO,85416,3,0,0.0,0.0,CaseData_v2.csv,,ActivationTypeID
pretrial_id,85459,173531,0,0.0,0.0,CaseData_v2.csv,,AssociatedBookingNumber
defendant_booking_id,85420,173531,72019,84.31,41.5,CaseData_v2.csv,,AssociatedBookingNumber
person_mni,66177,173531,3192,4.82,1.84,CaseData_v2.csv,,AssociatedBookingNumber
PK_BKG_NO,85416,173531,72017,84.31,41.5,CaseData_v2.csv,,AssociatedBookingNumber
pretrial_id,85459,2418,0,0.0,0.0,CaseData_v2.csv,,AssociatedBookingDate
defendant_booking_id,85420,2418,0,0.0,0.0,CaseData_v2.csv,,AssociatedBookingDate
person_mni,66177,2418,0,0.0,0.0,CaseData_v2.csv,,AssociatedBookingDate
PK_BKG_NO,85416,2418,0,0.0,0.0,CaseData_v2.csv,,AssociatedBookingDate
pretrial_id,85459,1283,0,0.0,0.0,CaseData_v2.csv,,AgeofCase
defendant_booking_id,85420,1283,0,0.0,0.0,CaseData_v2.csv,,AgeofCase
person_mni,66177,1283,22,0.03,1.71,CaseData_v2.csv,,AgeofCase
PK_BKG_NO,85416,1283,0,0.0,0.0,CaseData_v2.csv,,AgeofCase
pretrial_id,85459,79,0,0.0,0.0,CaseData_v2.csv,,DispositionID
defendant_booking_id,85420,79,0,0.0,0.0,CaseData_v2.csv,,DispositionID
person_mni,66177,79,0,0.0,0.0,CaseData_v2.csv,,DispositionID
PK_BKG_NO,85416,79,0,0.0,0.0,CaseData_v2.csv,,DispositionID
pretrial_id,85459,67,0,0.0,0.0,CaseData_v2.csv,,DispositionEventID
defendant_booking_id,85420,67,0,0.0,0.0,CaseData_v2.csv,,DispositionEventID
person_mni,66177,67,1,0.0,1.49,CaseData_v2.csv,,DispositionEventID
PK_BKG_NO,85416,67,0,0.0,0.0,CaseData_v2.csv,,DispositionEventID
pretrial_id,85459,6,0,0.0,0.0,CaseData_v2.csv,,DispositionTypeID
defendant_booking_id,85420,6,0,0.0,0.0,CaseData_v2.csv,,DispositionTypeID
person_mni,66177,6,0,0.0,0.0,CaseData_v2.csv,,DispositionTypeID
PK_BKG_NO,85416,6,0,0.0,0.0,CaseData_v2.csv,,DispositionTypeID
pretrial_id,85459,1,0,0.0,0.0,CaseData_v2.csv,,casephaseID
defendant_booking_id,85420,1,0,0.0,0.0,CaseData_v2.csv,,casephaseID
person_mni,66177,1,0,0.0,0.0,CaseData_v2.csv,,casephaseID
PK_BKG_NO,85416,1,0,0.0,0.0,CaseData_v2.csv,,casephaseID
pretrial_id,85459,1,0,0.0,0.0,CaseData_v2.csv,,CasePhaseCode
defendant_booking_id,85420,1,0,0.0,0.0,CaseData_v2.csv,,CasePhaseCode
person_mni,66177,1,0,0.0,0.0,CaseData_v2.csv,,CasePhaseCode
PK_BKG_NO,85416,1,0,0.0,0.0,CaseData_v2.csv,,CasePhaseCode
pretrial_id,85459,4,0,0.0,0.0,CaseData_v2.csv,,DispositionMethodID
defendant_booking_id,85420,4,0,0.0,0.0,CaseData_v2.csv,,DispositionMethodID
person_mni,66177,4,0,0.0,0.0,CaseData_v2.csv,,DispositionMethodID
PK_BKG_NO,85416,4,0,0.0,0.0,CaseData_v2.csv,,DispositionMethodID
pretrial_id,85459,260544,0,0.0,0.0,CaseData_v2.csv,,PartyAttorneyID
defendant_booking_id,85420,260544,1991,2.33,0.76,CaseData_v2.csv,,PartyAttorneyID
person_mni,66177,260544,3895,5.89,1.49,CaseData_v2.csv,,PartyAttorneyID
PK_BKG_NO,85416,260544,1991,2.33,0.76,CaseData_v2.csv,,PartyAttorneyID
pretrial_id,85459,259569,0,0.0,0.0,CaseData_v2.csv,,PartyIDRepresenting
defendant_booking_id,85420,259569,3413,4.0,1.31,CaseData_v2.csv,,PartyIDRepresenting
person_mni,66177,259569,912,1.38,0.35,CaseData_v2.csv,,PartyIDRepresenting
PK_BKG_NO,85416,259569,3413,4.0,1.31,CaseData_v2.csv,,PartyIDRepresenting
pretrial_id,85459,2472,0,0.0,0.0,CaseData_v2.csv,,attorneyID
defendant_booking_id,85420,2472,0,0.0,0.0,CaseData_v2.csv,,attorneyID
person_mni,66177,2472,44,0.07,1.78,CaseData_v2.csv,,attorneyID
PK_BKG_NO,85416,2472,0,0.0,0.0,CaseData_v2.csv,,attorneyID
pretrial_id,85459,20,0,0.0,0.0,CaseData_v2.csv,,AttorneyCounselTypeID
defendant_booking_id,85420,20,0,0.0,0.0,CaseData_v2.csv,,AttorneyCounselTypeID
person_mni,66177,20,0,0.0,0.0,CaseData_v2.csv,,AttorneyCounselTypeID
PK_BKG_NO,85416,20,0,0.0,0.0,CaseData_v2.csv,,AttorneyCounselTypeID
pretrial_id,85459,7,0,0.0,0.0,CaseData_v2.csv,,AttorneyCaseStatusID
defendant_booking_id,85420,7,0,0.0,0.0,CaseData_v2.csv,,AttorneyCaseStatusID
person_mni,66177,7,0,0.0,0.0,CaseData_v2.csv,,AttorneyCaseStatusID
PK_BKG_NO,85416,7,0,0.0,0.0,CaseData_v2.csv,,AttorneyCaseStatusID
pretrial_id,85459,16,0,0.0,0.0,CaseData_v2.csv,,AssignedCourtID
defendant_booking_id,85420,16,0,0.0,0.0,CaseData_v2.csv,,AssignedCourtID
person_mni,66177,16,0,0.0,0.0,CaseData_v2.csv,,AssignedCourtID
PK_BKG_NO,85416,16,0,0.0,0.0,CaseData_v2.csv,,AssignedCourtID
pretrial_id,85459,16,0,0.0,0.0,CaseData_v2.csv,,OriginalDispositionCourtID
defendant_booking_id,85420,16,0,0.0,0.0,CaseData_v2.csv,,OriginalDispositionCourtID
person_mni,66177,16,0,0.0,0.0,CaseData_v2.csv,,OriginalDispositionCourtID
PK_BKG_NO,85416,16,0,0.0,0.0,CaseData_v2.csv,,OriginalDispositionCourtID
pretrial_id,85459,15,0,0.0,0.0,CaseData_v2.csv,,LatestDispositonCourtID
defendant_booking_id,85420,15,0,0.0,0.0,CaseData_v2.csv,,LatestDispositonCourtID
person_mni,66177,15,0,0.0,0.0,CaseData_v2.csv,,LatestDispositonCourtID
PK_BKG_NO,85416,15,0,0.0,0.0,CaseData_v2.csv,,LatestDispositonCourtID
pretrial_id,85459,234441,85459,100.0,36.45,PreTrial to Booking Info.xlsx,Booking,PA_MAST_NO
defendant_booking_id,85420,234441,0,0.0,0.0,PreTrial to Booking Info.xlsx,Booking,PA_MAST_NO
person_mni,66177,234441,0,0.0,0.0,PreTrial to Booking Info.xlsx,Booking,PA_MAST_NO
PK_BKG_NO,85416,234441,0,0.0,0.0,PreTrial to Booking Info.xlsx,Booking,PA_MAST_NO
pretrial_id,85459,233655,0,0.0,0.0,PreTrial to Booking Info.xlsx,Booking,BH_BKG_NO
defendant_booking_id,85420,233655,85420,100.0,36.56,PreTrial to Booking Info.xlsx,Booking,BH_BKG_NO
person_mni,66177,233655,4387,6.63,1.88,PreTrial to Booking Info.xlsx,Booking,BH_BKG_NO
PK_BKG_NO,85416,233655,85416,100.0,36.56,PreTrial to Booking Info.xlsx,Booking,BH_BKG_NO
pretrial_id,85459,281388,0,0.0,0.0,PreTrial to Booking Info.xlsx,Booking,BH_C_CASE
defendant_booking_id,85420,281388,64,0.07,0.02,PreTrial to Booking Info.xlsx,Booking,BH_C_CASE
person_mni,66177,281388,96,0.15,0.03,PreTrial to Booking Info.xlsx,Booking,BH_C_CASE
PK_BKG_NO,85416,281388,64,0.07,0.02,PreTrial to Booking Info.xlsx,Booking,BH_C_CASE
pretrial_id,85459,15650,7275,8.51,46.49,PreTrial Disposition Reason.xlsx,Sheet1,PA_MAST_NO
defendant_booking_id,85420,15650,0,0.0,0.0,PreTrial Disposition Reason.xlsx,Sheet1,PA_MAST_NO
person_mni,66177,15650,0,0.0,0.0,PreTrial Disposition Reason.xlsx,Sheet1,PA_MAST_NO
PK_BKG_NO,85416,15650,0,0.0,0.0,PreTrial Disposition Reason.xlsx,Sheet1,PA_MAST_NO
pretrial_id,85459,15647,0,0.0,0.0,PreTrial Disposition Reason.xlsx,Sheet1,PA_BKG_NO
defendant_booking_id,85420,15647,7278,8.52,46.51,PreTrial Disposition Reason.xlsx,Sheet1,PA_BKG_NO
person_mni,66177,15647,287,0.43,1.83,PreTrial Disposition Reason.xlsx,Sheet1,PA_BKG_NO
PK_BKG_NO,85416,15647,7278,8.52,46.51,PreTrial Disposition Reason.xlsx,Sheet1,PA_BKG_NO
pretrial_id,85459,19813,0,0.0,0.0,PreTrial Disposition Reason.xlsx,Sheet1,PL_BND_CASE
defendant_booking_id,85420,19813,0,0.0,0.0,PreTrial Disposition Reason.xlsx,Sheet1,PL_BND_CASE
person_mni,66177,19813,2,0.0,0.01,PreTrial Disposition Reason.xlsx,Sheet1,PL_BND_CASE
PK_BKG_NO,85416,19813,0,0.0,0.0,PreTrial Disposition Reason.xlsx,Sheet1,PL_BND_CASE
pretrial_id,85459,52852,0,0.0,0.0,Events.xlsx,Events,EventID
defendant_booking_id,85420,52852,0,0.0,0.0,Events.xlsx,Events,EventID
person_mni,66177,52852,0,0.0,0.0,Events.xlsx,Events,EventID
PK_BKG_NO,85416,52852,0,0.0,0.0,Events.xlsx,Events,EventID
pretrial_id,85459,41234,0,0.0,0.0,Events.xlsx,Events,CaseID
defendant_booking_id,85420,41234,6311,7.39,15.31,Events.xlsx,Events,CaseID
person_mni,66177,41234,1394,2.11,3.38,Events.xlsx,Events,CaseID
PK_BKG_NO,85416,41234,6311,7.39,15.31,Events.xlsx,Events,CaseID
pretrial_id,85459,1913,0,0.0,0.0,Events.xlsx,Events,PartyID
defendant_booking_id,85420,1913,115,0.13,6.01,Events.xlsx,Events,PartyID
person_mni,66177,1913,45,0.07,2.35,Events.xlsx,Events,PartyID
PK_BKG_NO,85416,1913,115,0.13,6.01,Events.xlsx,Events,PartyID
pretrial_id,85459,11,0,0.0,0.0,Events.xlsx,Events,EventCodeID
defendant_booking_id,85420,11,0,0.0,0.0,Events.xlsx,Events,EventCodeID
person_mni,66177,11,0,0.0,0.0,Events.xlsx,Events,EventCodeID
PK_BKG_NO,85416,11,0,0.0,0.0,Events.xlsx,Events,EventCodeID
pretrial_id,85459,19,0,0.0,0.0,Events.xlsx,Events,EventResultID
defendant_booking_id,85420,19,0,0.0,0.0,Events.xlsx,Events,EventResultID
person_mni,66177,19,1,0.0,5.26,Events.xlsx,Events,EventResultID
PK_BKG_NO,85416,19,0,0.0,0.0,Events.xlsx,Events,EventResultID
pretrial_id,85459,2,0,0.0,0.0,Events.xlsx,Events,DivisionID
defendant_booking_id,85420,2,0,0.0,0.0,Events.xlsx,Events,DivisionID
person_mni,66177,2,0,0.0,0.0,Events.xlsx,Events,DivisionID
PK_BKG_NO,85416,2,0,0.0,0.0,Events.xlsx,Events,DivisionID
pretrial_id,85459,11,0,0.0,0.0,Events.xlsx,Events,EventCodeID.1
defendant_booking_id,85420,11,0,0.0,0.0,Events.xlsx,Events,EventCodeID.1
person_mni,66177,11,0,0.0,0.0,Events.xlsx,Events,EventCodeID.1
PK_BKG_NO,85416,11,0,0.0,0.0,Events.xlsx,Events,EventCodeID.1
pretrial_id,85459,2,0,0.0,0.0,Events.xlsx,Events,DivisionID.1
defendant_booking_id,85420,2,0,0.0,0.0,Events.xlsx,Events,DivisionID.1
person_mni,66177,2,0,0.0,0.0,Events.xlsx,Events,DivisionID.1
PK_BKG_NO,85416,2,0,0.0,0.0,Events.xlsx,Events,DivisionID.1
pretrial_id,85459,4,0,0.0,0.0,Events.xlsx,Events,EventCategoryID
defendant_booking_id,85420,4,0,0.0,0.0,Events.xlsx,Events,EventCategoryID
person_mni,66177,4,0,0.0,0.0,Events.xlsx,Events,EventCategoryID
PK_BKG_NO,85416,4,0,0.0,0.0,Events.xlsx,Events,EventCategoryID
pretrial_id,85459,4,0,0.0,0.0,Events.xlsx,Events,AssociatedCaseStatusID
defendant_booking_id,85420,4,0,0.0,0.0,Events.xlsx,Events,AssociatedCaseStatusID
person_mni,66177,4,0,0.0,0.0,Events.xlsx,Events,AssociatedCaseStatusID
PK_BKG_NO,85416,4,0,0.0,0.0,Events.xlsx,Events,AssociatedCaseStatusID
pretrial_id,85459,15,0,0.0,0.0,Events.xlsx,Events,CourtJudgeIdentifier
defendant_booking_id,85420,15,0,0.0,0.0,Events.xlsx,Events,CourtJudgeIdentifier
person_mni,66177,15,0,0.0,0.0,Events.xlsx,Events,CourtJudgeIdentifier
PK_BKG_NO,85416,15,0,0.0,0.0,Events.xlsx,Events,CourtJudgeIdentifier
pretrial_id,85459,63121,0,0.0,0.0,SentencingDataPre2013.xlsx,SentencingDataPre2013,CriminalSentencingID
defendant_booking_id,85420,63121,84,0.1,0.13,SentencingDataPre2013.xlsx,SentencingDataPre2013,CriminalSentencingID
person_mni,66177,63121,1000,1.51,1.58,SentencingDataPre2013.xlsx,SentencingDataPre2013,CriminalSentencingID
PK_BKG_NO,85416,63121,84,0.1,0.13,SentencingDataPre2013.xlsx,SentencingDataPre2013,CriminalSentencingID
pretrial_id,85459,55067,0,0.0,0.0,SentencingDataPre2013.xlsx,SentencingDataPre2013,CaseID
defendant_booking_id,85420,55067,7496,8.78,13.61,SentencingDataPre2013.xlsx,SentencingDataPre2013,CaseID
person_mni,66177,55067,987,1.49,1.79,SentencingDataPre2013.xlsx,SentencingDataPre2013,CaseID
PK_BKG_NO,85416,55067,7496,8.78,13.61,SentencingDataPre2013.xlsx,SentencingDataPre2013,CaseID
pretrial_id,85459,55072,0,0.0,0.0,SentencingDataPre2013.xlsx,SentencingDataPre2013,PartyID
defendant_booking_id,85420,55072,333,0.39,0.6,SentencingDataPre2013.xlsx,SentencingDataPre2013,PartyID
person_mni,66177,55072,343,0.52,0.62,SentencingDataPre2013.xlsx,SentencingDataPre2013,PartyID
PK_BKG_NO,85416,55072,333,0.39,0.6,SentencingDataPre2013.xlsx,SentencingDataPre2013,PartyID
pretrial_id,85459,3,0,0.0,0.0,SentencingDataPre2013.xlsx,SentencingDataPre2013,SentenceTypeID
defendant_booking_id,85420,3,0,0.0,0.0,SentencingDataPre2013.xlsx,SentencingDataPre2013,SentenceTypeID
person_mni,66177,3,0,0.0,0.0,SentencingDataPre2013.xlsx,SentencingDataPre2013,SentenceTypeID
PK_BKG_NO,85416,3,0,0.0,0.0,SentencingDataPre2013.xlsx,SentencingDataPre2013,SentenceTypeID
pretrial_id,85459,18,0,0.0,0.0,SentencingDataPre2013.xlsx,SentencingDataPre2013,ReceivableTypeID
defendant_booking_id,85420,18,0,0.0,0.0,SentencingDataPre2013.xlsx,SentencingDataPre2013,ReceivableTypeID
person_mni,66177,18,0,0.0,0.0,SentencingDataPre2013.xlsx,SentencingDataPre2013,ReceivableTypeID
PK_BKG_NO,85416,18,0,0.0,0.0,SentencingDataPre2013.xlsx,SentencingDataPre2013,ReceivableTypeID
pretrial_id,85459,8,0,0.0,0.0,SentencingDataPre2013.xlsx,SentencingDataPre2013,AgencyID
defendant_booking_id,85420,8,0,0.0,0.0,SentencingDataPre2013.xlsx,SentencingDataPre2013,AgencyID
person_mni,66177,8,0,0.0,0.0,SentencingDataPre2013.xlsx,SentencingDataPre2013,AgencyID
PK_BKG_NO,85416,8,0,0.0,0.0,SentencingDataPre2013.xlsx,SentencingDataPre2013,AgencyID
pretrial_id,85459,2,0,0.0,0.0,SentencingDataPre2013.xlsx,SentencingDataPre2013,SentenceUOMID
defendant_booking_id,85420,2,0,0.0,0.0,SentencingDataPre2013.xlsx,SentencingDataPre2013,SentenceUOMID
person_mni,66177,2,0,0.0,0.0,SentencingDataPre2013.xlsx,SentencingDataPre2013,SentenceUOMID
PK_BKG_NO,85416,2,0,0.0,0.0,SentencingDataPre2013.xlsx,SentencingDataPre2013,SentenceUOMID
pretrial_id,85459,2,0,0.0,0.0,SentencingDataPre2013.xlsx,SentencingDataPre2013,DivisionID
defendant_booking_id,85420,2,0,0.0,0.0,SentencingDataPre2013.xlsx,SentencingDataPre2013,DivisionID
person_mni,66177,2,0,0.0,0.0,SentencingDataPre2013.xlsx,SentencingDataPre2013,DivisionID
PK_BKG_NO,85416,2,0,0.0,0.0,SentencingDataPre2013.xlsx,SentencingDataPre2013,DivisionID
pretrial_id,85459,84208,0,0.0,0.0,SentencingDataPost2013.xlsx,SentencingDataPost2013,CriminalSentencingID
defendant_booking_id,85420,84208,91,0.11,0.11,SentencingDataPost2013.xlsx,SentencingDataPost2013,CriminalSentencingID
person_mni,66177,84208,421,0.64,0.5,SentencingDataPost2013.xlsx,SentencingDataPost2013,CriminalSentencingID
PK_BKG_NO,85416,84208,91,0.11,0.11,SentencingDataPost2013.xlsx,SentencingDataPost2013,CriminalSentencingID
pretrial_id,85459,70623,0,0.0,0.0,SentencingDataPost2013.xlsx,SentencingDataPost2013,CaseID
defendant_booking_id,85420,70623,8009,9.38,11.34,SentencingDataPost2013.xlsx,SentencingDataPost2013,CaseID
person_mni,66177,70623,3115,4.71,4.41,SentencingDataPost2013.xlsx,SentencingDataPost2013,CaseID
PK_BKG_NO,85416,70623,8009,9.38,11.34,SentencingDataPost2013.xlsx,SentencingDataPost2013,CaseID
pretrial_id,85459,70623,0,0.0,0.0,SentencingDataPost2013.xlsx,SentencingDataPost2013,PartyID
defendant_booking_id,85420,70623,1823,2.13,2.58,SentencingDataPost2013.xlsx,SentencingDataPost2013,PartyID
person_mni,66177,70623,229,0.35,0.32,SentencingDataPost2013.xlsx,SentencingDataPost2013,PartyID
PK_BKG_NO,85416,70623,1823,2.13,2.58,SentencingDataPost2013.xlsx,SentencingDataPost2013,PartyID
pretrial_id,85459,3,0,0.0,0.0,SentencingDataPost2013.xlsx,SentencingDataPost2013,SentenceTypeID
defendant_booking_id,85420,3,0,0.0,0.0,SentencingDataPost2013.xlsx,SentencingDataPost2013,SentenceTypeID
person_mni,66177,3,0,0.0,0.0,SentencingDataPost2013.xlsx,SentencingDataPost2013,SentenceTypeID
PK_BKG_NO,85416,3,0,0.0,0.0,SentencingDataPost2013.xlsx,SentencingDataPost2013,SentenceTypeID
pretrial_id,85459,18,0,0.0,0.0,SentencingDataPost2013.xlsx,SentencingDataPost2013,ReceivableTypeID
defendant_booking_id,85420,18,0,0.0,0.0,SentencingDataPost2013.xlsx,SentencingDataPost2013,ReceivableTypeID
person_mni,66177,18,0,0.0,0.0,SentencingDataPost2013.xlsx,SentencingDataPost2013,ReceivableTypeID
PK_BKG_NO,85416,18,0,0.0,0.0,SentencingDataPost2013.xlsx,SentencingDataPost2013,ReceivableTypeID
pretrial_id,85459,10,0,0.0,0.0,SentencingDataPost2013.xlsx,SentencingDataPost2013,AgencyID
defendant_booking_id,85420,10,0,0.0,0.0,SentencingDataPost2013.xlsx,SentencingDataPost2013,AgencyID
person_mni,66177,10,0,0.0,0.0,SentencingDataPost2013.xlsx,SentencingDataPost2013,AgencyID
PK_BKG_NO,85416,10,0,0.0,0.0,SentencingDataPost2013.xlsx,SentencingDataPost2013,AgencyID
pretrial_id,85459,2,0,0.0,0.0,SentencingDataPost2013.xlsx,SentencingDataPost2013,SentenceUOMID
defendant_booking_id,85420,2,0,0.0,0.0,SentencingDataPost2013.xlsx,SentencingDataPost2013,SentenceUOMID
person_mni,66177,2,0,0.0,0.0,SentencingDataPost2013.xlsx,SentencingDataPost2013,SentenceUOMID
PK_BKG_NO,85416,2,0,0.0,0.0,SentencingDataPost2013.xlsx,SentencingDataPost2013,SentenceUOMID
pretrial_id,85459,2,0,0.0,0.0,SentencingDataPost2013.xlsx,SentencingDataPost2013,DivisionID
defendant_booking_id,85420,2,0,0.0,0.0,SentencingDataPost2013.xlsx,SentencingDataPost2013,DivisionID
person_mni,66177,2,0,0.0,0.0,SentencingDataPost2013.xlsx,SentencingDataPost2013,DivisionID
PK_BKG_NO,85416,2,0,0.0,0.0,SentencingDataPost2013.xlsx,SentencingDataPost2013,DivisionID
pretrial_id,85459,13513,0,0.0,0.0,revocationV2.xlsx,revocation,CaseID
defendant_booking_id,85420,13513,1186,1.39,8.78,revocationV2.xlsx,revocation,CaseID
person_mni,66177,13513,362,0.55,2.68,revocationV2.xlsx,revocation,CaseID
PK_BKG_NO,85416,13513,1186,1.39,8.78,revocationV2.xlsx,revocation,CaseID
pretrial_id,85459,2,0,0.0,0.0,revocationV2.xlsx,revocation,DivisionID
defendant_booking_id,85420,2,0,0.0,0.0,revocationV2.xlsx,revocation,DivisionID
person_mni,66177,2,0,0.0,0.0,revocationV2.xlsx,revocation,DivisionID
PK_BKG_NO,85416,2,0,0.0,0.0,revocationV2.xlsx,revocation,DivisionID
pretrial_id,85459,1,0,0.0,0.0,revocationV2.xlsx,revocation,CourtTypeID
defendant_booking_id,85420,1,0,0.0,0.0,revocationV2.xlsx,revocation,CourtTypeID
person_mni,66177,1,0,0.0,0.0,revocationV2.xlsx,revocation,CourtTypeID
PK_BKG_NO,85416,1,0,0.0,0.0,revocationV2.xlsx,revocation,CourtTypeID
pretrial_id,85459,10,0,0.0,0.0,revocationV2.xlsx,revocation,CaseTypeID
defendant_booking_id,85420,10,0,0.0,0.0,revocationV2.xlsx,revocation,CaseTypeID
person_mni,66177,10,0,0.0,0.0,revocationV2.xlsx,revocation,CaseTypeID
PK_BKG_NO,85416,10,0,0.0,0.0,revocationV2.xlsx,revocation,CaseTypeID
pretrial_id,85459,45,0,0.0,0.0,revocationV2.xlsx,revocation,CaseStatusID
defendant_booking_id,85420,45,0,0.0,0.0,revocationV2.xlsx,revocation,CaseStatusID
person_mni,66177,45,1,0.0,2.22,revocationV2.xlsx,revocation,CaseStatusID
PK_BKG_NO,85416,45,0,0.0,0.0,revocationV2.xlsx,revocation,CaseStatusID
pretrial_id,85459,3,0,0.0,0.0,revocationV2.xlsx,revocation,CaseStateID
defendant_booking_id,85420,3,0,0.0,0.0,revocationV2.xlsx,revocation,CaseStateID
person_mni,66177,3,0,0.0,0.0,revocationV2.xlsx,revocation,CaseStateID
PK_BKG_NO,85416,3,0,0.0,0.0,revocationV2.xlsx,revocation,CaseStateID
pretrial_id,85459,2385,0,0.0,0.0,revocationV2.xlsx,revocation,CaseInitiationDate
defendant_booking_id,85420,2385,0,0.0,0.0,revocationV2.xlsx,revocation,CaseInitiationDate
person_mni,66177,2385,0,0.0,0.0,revocationV2.xlsx,revocation,CaseInitiationDate
PK_BKG_NO,85416,2385,0,0.0,0.0,revocationV2.xlsx,revocation,CaseInitiationDate
pretrial_id,85459,2304,0,0.0,0.0,revocationV2.xlsx,revocation,DateCaseEntered
defendant_booking_id,85420,2304,0,0.0,0.0,revocationV2.xlsx,revocation,DateCaseEntered
person_mni,66177,2304,0,0.0,0.0,revocationV2.xlsx,revocation,DateCaseEntered
PK_BKG_NO,85416,2304,0,0.0,0.0,revocationV2.xlsx,revocation,DateCaseEntered
pretrial_id,85459,4,0,0.0,0.0,revocationV2.xlsx,revocation,CaseStateIssue
defendant_booking_id,85420,4,0,0.0,0.0,revocationV2.xlsx,revocation,CaseStateIssue
person_mni,66177,4,0,0.0,0.0,revocationV2.xlsx,revocation,CaseStateIssue
PK_BKG_NO,85416,4,0,0.0,0.0,revocationV2.xlsx,revocation,CaseStateIssue
pretrial_id,85459,0,0,0.0,0.0,revocationV2.xlsx,revocation,LatestCasePhaseID
defendant_booking_id,85420,0,0,0.0,0.0,revocationV2.xlsx,revocation,LatestCasePhaseID
person_mni,66177,0,0,0.0,0.0,revocationV2.xlsx,revocation,LatestCasePhaseID
PK_BKG_NO,85416,0,0,0.0,0.0,revocationV2.xlsx,revocation,LatestCasePhaseID
pretrial_id,85459,13513,0,0.0,0.0,revocationV2.xlsx,revocation,CriminalDefendantID
defendant_booking_id,85420,13513,7,0.01,0.05,revocationV2.xlsx,revocation,CriminalDefendantID
person_mni,66177,13513,215,0.32,1.59,revocationV2.xlsx,revocation,CriminalDefendantID
PK_BKG_NO,85416,13513,7,0.01,0.05,revocationV2.xlsx,revocation,CriminalDefendantID
pretrial_id,85459,13513,0,0.0,0.0,revocationV2.xlsx,revocation,PartyID
defendant_booking_id,85420,13513,344,0.4,2.55,revocationV2.xlsx,revocation,PartyID
person_mni,66177,13513,124,0.19,0.92,revocationV2.xlsx,revocation,PartyID
PK_BKG_NO,85416,13513,344,0.4,2.55,revocationV2.xlsx,revocation,PartyID
pretrial_id,85459,11383,0,0.0,0.0,revocationV2.xlsx,revocation,PersonID
defendant_booking_id,85420,11383,0,0.0,0.0,revocationV2.xlsx,revocation,PersonID
person_mni,66177,11383,208,0.31,1.83,revocationV2.xlsx,revocation,PersonID
PK_BKG_NO,85416,11383,0,0.0,0.0,revocationV2.xlsx,revocation,PersonID
pretrial_id,85459,11383,0,0.0,0.0,revocationV2.xlsx,revocation,MNI
defendant_booking_id,85420,11383,414,0.48,3.64,revocationV2.xlsx,revocation,MNI
person_mni,66177,11383,6738,10.18,59.19,revocationV2.xlsx,revocation,MNI
PK_BKG_NO,85416,11383,414,0.48,3.64,revocationV2.xlsx,revocation,MNI
pretrial_id,85459,12730,0,0.0,0.0,revocationV2.xlsx,revocation,OriginalBookingNumber
defendant_booking_id,85420,12730,3944,4.62,30.98,revocationV2.xlsx,revocation,OriginalBookingNumber
person_mni,66177,12730,234,0.35,1.84,revocationV2.xlsx,revocation,OriginalBookingNumber
PK_BKG_NO,85416,12730,3944,4.62,30.98,revocationV2.xlsx,revocation,OriginalBookingNumber
pretrial_id,85459,3125,0,0.0,0.0,revocationV2.xlsx,revocation,BookingDate
defendant_booking_id,85420,3125,0,0.0,0.0,revocationV2.xlsx,revocation,BookingDate
person_mni,66177,3125,0,0.0,0.0,revocationV2.xlsx,revocation,BookingDate
PK_BKG_NO,85416,3125,0,0.0,0.0,revocationV2.xlsx,revocation,BookingDate
pretrial_id,85459,456,0,0.0,0.0,revocationV2.xlsx,revocation,CalendarDaysBookingtoIndictFiling
defendant_booking_id,85420,456,0,0.0,0.0,revocationV2.xlsx,revocation,CalendarDaysBookingtoIndictFiling
person_mni,66177,456,10,0.02,2.19,revocationV2.xlsx,revocation,CalendarDaysBookingtoIndictFiling
PK_BKG_NO,85416,456,0,0.0,0.0,revocationV2.xlsx,revocation,CalendarDaysBookingtoIndictFiling
pretrial_id,85459,6,0,0.0,0.0,revocationV2.xlsx,revocation,JailCaseTypeID
defendant_booking_id,85420,6,0,0.0,0.0,revocationV2.xlsx,revocation,JailCaseTypeID
person_mni,66177,6,0,0.0,0.0,revocationV2.xlsx,revocation,JailCaseTypeID
PK_BKG_NO,85416,6,0,0.0,0.0,revocationV2.xlsx,revocation,JailCaseTypeID
pretrial_id,85459,14844,0,0.0,0.0,revocationV2.xlsx,revocation,CaseChargeID
defendant_booking_id,85420,14844,20,0.02,0.13,revocationV2.xlsx,revocation,CaseChargeID
person_mni,66177,14844,215,0.32,1.45,revocationV2.xlsx,revocation,CaseChargeID
PK_BKG_NO,85416,14844,20,0.02,0.13,revocationV2.xlsx,revocation,CaseChargeID
pretrial_id,85459,473,0,0.0,0.0,revocationV2.xlsx,revocation,CsMgmtChargeID
defendant_booking_id,85420,473,0,0.0,0.0,revocationV2.xlsx,revocation,CsMgmtChargeID
person_mni,66177,473,12,0.02,2.54,revocationV2.xlsx,revocation,CsMgmtChargeID
PK_BKG_NO,85416,473,0,0.0,0.0,revocationV2.xlsx,revocation,CsMgmtChargeID
pretrial_id,85459,5,0,0.0,0.0,revocationV2.xlsx,revocation,CurrentChargeStateID
defendant_booking_id,85420,5,0,0.0,0.0,revocationV2.xlsx,revocation,CurrentChargeStateID
person_mni,66177,5,0,0.0,0.0,revocationV2.xlsx,revocation,CurrentChargeStateID
PK_BKG_NO,85416,5,0,0.0,0.0,revocationV2.xlsx,revocation,CurrentChargeStateID
pretrial_id,85459,4,0,0.0,0.0,revocationV2.xlsx,revocation,OriginalDispositionPleaID
defendant_booking_id,85420,4,0,0.0,0.0,revocationV2.xlsx,revocation,OriginalDispositionPleaID
person_mni,66177,4,0,0.0,0.0,revocationV2.xlsx,revocation,OriginalDispositionPleaID
PK_BKG_NO,85416,4,0,0.0,0.0,revocationV2.xlsx,revocation,OriginalDispositionPleaID
pretrial_id,85459,2,0,0.0,0.0,revocationV2.xlsx,revocation,OriginalDispositionTrialTypeID
defendant_booking_id,85420,2,0,0.0,0.0,revocationV2.xlsx,revocation,OriginalDispositionTrialTypeID
person_mni,66177,2,0,0.0,0.0,revocationV2.xlsx,revocation,OriginalDispositionTrialTypeID
PK_BKG_NO,85416,2,0,0.0,0.0,revocationV2.xlsx,revocation,OriginalDispositionTrialTypeID
pretrial_id,85459,5,0,0.0,0.0,revocationV2.xlsx,revocation,OriginalDispositionVerdictID
defendant_booking_id,85420,5,0,0.0,0.0,revocationV2.xlsx,revocation,OriginalDispositionVerdictID
person_mni,66177,5,0,0.0,0.0,revocationV2.xlsx,revocation,OriginalDispositionVerdictID
PK_BKG_NO,85416,5,0,0.0,0.0,revocationV2.xlsx,revocation,OriginalDispositionVerdictID
pretrial_id,85459,4,0,0.0,0.0,revocationV2.xlsx,revocation,OriginalDispositionMethodID
defendant_booking_id,85420,4,0,0.0,0.0,revocationV2.xlsx,revocation,OriginalDispositionMethodID
person_mni,66177,4,0,0.0,0.0,revocationV2.xlsx,revocation,OriginalDispositionMethodID
PK_BKG_NO,85416,4,0,0.0,0.0,revocationV2.xlsx,revocation,OriginalDispositionMethodID
pretrial_id,85459,33,0,0.0,0.0,revocationV2.xlsx,revocation,OriginalDispositionID
defendant_booking_id,85420,33,0,0.0,0.0,revocationV2.xlsx,revocation,OriginalDispositionID
person_mni,66177,33,0,0.0,0.0,revocationV2.xlsx,revocation,OriginalDispositionID
PK_BKG_NO,85416,33,0,0.0,0.0,revocationV2.xlsx,revocation,OriginalDispositionID
pretrial_id,85459,9,0,0.0,0.0,revocationV2.xlsx,revocation,OriginalSentenceID
defendant_booking_id,85420,9,0,0.0,0.0,revocationV2.xlsx,revocation,OriginalSentenceID
person_mni,66177,9,0,0.0,0.0,revocationV2.xlsx,revocation,OriginalSentenceID
PK_BKG_NO,85416,9,0,0.0,0.0,revocationV2.xlsx,revocation,OriginalSentenceID
pretrial_id,85459,1,0,0.0,0.0,revocationV2.xlsx,revocation,LatestDispositionMethodID
defendant_booking_id,85420,1,0,0.0,0.0,revocationV2.xlsx,revocation,LatestDispositionMethodID
person_mni,66177,1,0,0.0,0.0,revocationV2.xlsx,revocation,LatestDispositionMethodID
PK_BKG_NO,85416,1,0,0.0,0.0,revocationV2.xlsx,revocation,LatestDispositionMethodID
pretrial_id,85459,34,0,0.0,0.0,revocationV2.xlsx,revocation,LatestDispositionID
defendant_booking_id,85420,34,0,0.0,0.0,revocationV2.xlsx,revocation,LatestDispositionID
person_mni,66177,34,0,0.0,0.0,revocationV2.xlsx,revocation,LatestDispositionID
PK_BKG_NO,85416,34,0,0.0,0.0,revocationV2.xlsx,revocation,LatestDispositionID
pretrial_id,85459,14,0,0.0,0.0,revocationV2.xlsx,revocation,LatestSentenceID
defendant_booking_id,85420,14,0,0.0,0.0,revocationV2.xlsx,revocation,LatestSentenceID
person_mni,66177,14,0,0.0,0.0,revocationV2.xlsx,revocation,LatestSentenceID
PK_BKG_NO,85416,14,0,0.0,0.0,revocationV2.xlsx,revocation,LatestSentenceID
pretrial_id,85459,440,0,0.0,0.0,revocationV2.xlsx,revocation,EarliestKnownChargeID
defendant_booking_id,85420,440,0,0.0,0.0,revocationV2.xlsx,revocation,EarliestKnownChargeID
person_mni,66177,440,11,0.02,2.5,revocationV2.xlsx,revocation,EarliestKnownChargeID
PK_BKG_NO,85416,440,0,0.0,0.0,revocationV2.xlsx,revocation,EarliestKnownChargeID
pretrial_id,85459,17318,0,0.0,0.0,revocationV2.xlsx,revocation,CriminalDefendantHistoryID
defendant_booking_id,85420,17318,324,0.38,1.87,revocationV2.xlsx,revocation,CriminalDefendantHistoryID
person_mni,66177,17318,144,0.22,0.83,revocationV2.xlsx,revocation,CriminalDefendantHistoryID
PK_BKG_NO,85416,17318,324,0.38,1.87,revocationV2.xlsx,revocation,CriminalDefendantHistoryID
pretrial_id,85459,14,0,0.0,0.0,revocationV2.xlsx,revocation,ActivationEventID
defendant_booking_id,85420,14,0,0.0,0.0,revocationV2.xlsx,revocation,ActivationEventID
person_mni,66177,14,0,0.0,0.0,revocationV2.xlsx,revocation,ActivationEventID
PK_BKG_NO,85416,14,0,0.0,0.0,revocationV2.xlsx,revocation,ActivationEventID
pretrial_id,85459,3,0,0.0,0.0,revocationV2.xlsx,revocation,ActivationTypeID
defendant_booking_id,85420,3,0,0.0,0.0,revocationV2.xlsx,revocation,ActivationTypeID
person_mni,66177,3,0,0.0,0.0,revocationV2.xlsx,revocation,ActivationTypeID
PK_BKG_NO,85416,3,0,0.0,0.0,revocationV2.xlsx,revocation,ActivationTypeID
pretrial_id,85459,14446,0,0.0,0.0,revocationV2.xlsx,revocation,AssociatedBookingNumber
defendant_booking_id,85420,14446,3291,3.85,22.78,revocationV2.xlsx,revocation,AssociatedBookingNumber
person_mni,66177,14446,271,0.41,1.88,revocationV2.xlsx,revocation,AssociatedBookingNumber
PK_BKG_NO,85416,14446,3291,3.85,22.78,revocationV2.xlsx,revocation,AssociatedBookingNumber
pretrial_id,85459,2228,0,0.0,0.0,revocationV2.xlsx,revocation,AssociatedBookingDate
defendant_booking_id,85420,2228,0,0.0,0.0,revocationV2.xlsx,revocation,AssociatedBookingDate
person_mni,66177,2228,0,0.0,0.0,revocationV2.xlsx,revocation,AssociatedBookingDate
PK_BKG_NO,85416,2228,0,0.0,0.0,revocationV2.xlsx,revocation,AssociatedBookingDate
pretrial_id,85459,494,0,0.0,0.0,revocationV2.xlsx,revocation,AgeofCase
defendant_booking_id,85420,494,0,0.0,0.0,revocationV2.xlsx,revocation,AgeofCase
person_mni,66177,494,11,0.02,2.23,revocationV2.xlsx,revocation,AgeofCase
PK_BKG_NO,85416,494,0,0.0,0.0,revocationV2.xlsx,revocation,AgeofCase
pretrial_id,85459,48,0,0.0,0.0,revocationV2.xlsx,revocation,DispositionID
defendant_booking_id,85420,48,0,0.0,0.0,revocationV2.xlsx,revocation,DispositionID
person_mni,66177,48,1,0.0,2.08,revocationV2.xlsx,revocation,DispositionID
PK_BKG_NO,85416,48,0,0.0,0.0,revocationV2.xlsx,revocation,DispositionID
pretrial_id,85459,33,0,0.0,0.0,revocationV2.xlsx,revocation,DispositionEventID
defendant_booking_id,85420,33,0,0.0,0.0,revocationV2.xlsx,revocation,DispositionEventID
person_mni,66177,33,0,0.0,0.0,revocationV2.xlsx,revocation,DispositionEventID
PK_BKG_NO,85416,33,0,0.0,0.0,revocationV2.xlsx,revocation,DispositionEventID
pretrial_id,85459,7,0,0.0,0.0,revocationV2.xlsx,revocation,DispositionTypeID
defendant_booking_id,85420,7,0,0.0,0.0,revocationV2.xlsx,revocation,DispositionTypeID
person_mni,66177,7,0,0.0,0.0,revocationV2.xlsx,revocation,DispositionTypeID
PK_BKG_NO,85416,7,0,0.0,0.0,revocationV2.xlsx,revocation,DispositionTypeID
pretrial_id,85459,1,0,0.0,0.0,revocationV2.xlsx,revocation,casephaseID
defendant_booking_id,85420,1,0,0.0,0.0,revocationV2.xlsx,revocation,casephaseID
person_mni,66177,1,0,0.0,0.0,revocationV2.xlsx,revocation,casephaseID
PK_BKG_NO,85416,1,0,0.0,0.0,revocationV2.xlsx,revocation,casephaseID
pretrial_id,85459,1,0,0.0,0.0,revocationV2.xlsx,revocation,CasePhaseCode
defendant_booking_id,85420,1,0,0.0,0.0,revocationV2.xlsx,revocation,CasePhaseCode
person_mni,66177,1,0,0.0,0.0,revocationV2.xlsx,revocation,CasePhaseCode
PK_BKG_NO,85416,1,0,0.0,0.0,revocationV2.xlsx,revocation,CasePhaseCode
pretrial_id,85459,1,0,0.0,0.0,revocationV2.xlsx,revocation,DispositionMethodID
defendant_booking_id,85420,1,0,0.0,0.0,revocationV2.xlsx,revocation,DispositionMethodID
person_mni,66177,1,0,0.0,0.0,revocationV2.xlsx,revocation,DispositionMethodID
PK_BKG_NO,85416,1,0,0.0,0.0,revocationV2.xlsx,revocation,DispositionMethodID
pretrial_id,85459,13555,0,0.0,0.0,revocationV2.xlsx,revocation,PartyAttorneyID
defendant_booking_id,85420,13555,104,0.12,0.77,revocationV2.xlsx,revocation,PartyAttorneyID
person_mni,66177,13555,247,0.37,1.82,revocationV2.xlsx,revocation,PartyAttorneyID
PK_BKG_NO,85416,13555,104,0.12,0.77,revocationV2.xlsx,revocation,PartyAttorneyID
pretrial_id,85459,13512,0,0.0,0.0,revocationV2.xlsx,revocation,PartyIDRepresenting
defendant_booking_id,85420,13512,344,0.4,2.55,revocationV2.xlsx,revocation,PartyIDRepresenting
person_mni,66177,13512,123,0.19,0.91,revocationV2.xlsx,revocation,PartyIDRepresenting
PK_BKG_NO,85416,13512,344,0.4,2.55,revocationV2.xlsx,revocation,PartyIDRepresenting
pretrial_id,85459,787,0,0.0,0.0,revocationV2.xlsx,revocation,attorneyID
defendant_booking_id,85420,787,0,0.0,0.0,revocationV2.xlsx,revocation,attorneyID
person_mni,66177,787,13,0.02,1.65,revocationV2.xlsx,revocation,attorneyID
PK_BKG_NO,85416,787,0,0.0,0.0,revocationV2.xlsx,revocation,attorneyID
pretrial_id,85459,13,0,0.0,0.0,revocationV2.xlsx,revocation,AttorneyCounselTypeID
defendant_booking_id,85420,13,0,0.0,0.0,revocationV2.xlsx,revocation,AttorneyCounselTypeID
person_mni,66177,13,0,0.0,0.0,revocationV2.xlsx,revocation,AttorneyCounselTypeID
PK_BKG_NO,85416,13,0,0.0,0.0,revocationV2.xlsx,revocation,AttorneyCounselTypeID
pretrial_id,85459,7,0,0.0,0.0,revocationV2.xlsx,revocation,AttorneyCaseStatusID
defendant_booking_id,85420,7,0,0.0,0.0,revocationV2.xlsx,revocation,AttorneyCaseStatusID
person_mni,66177,7,0,0.0,0.0,revocationV2.xlsx,revocation,AttorneyCaseStatusID
PK_BKG_NO,85416,7,0,0.0,0.0,revocationV2.xlsx,revocation,AttorneyCaseStatusID
pretrial_id,85459,14,0,0.0,0.0,revocationV2.xlsx,revocation,AssignedCourtID
defendant_booking_id,85420,14,0,0.0,0.0,revocationV2.xlsx,revocation,AssignedCourtID
person_mni,66177,14,0,0.0,0.0,revocationV2.xlsx,revocation,AssignedCourtID
PK_BKG_NO,85416,14,0,0.0,0.0,revocationV2.xlsx,revocation,AssignedCourtID
pretrial_id,85459,14,0,0.0,0.0,revocationV2.xlsx,revocation,OriginalDispositionCourtID
defendant_booking_id,85420,14,0,0.0,0.0,revocationV2.xlsx,revocation,OriginalDispositionCourtID
person_mni,66177,14,0,0.0,0.0,revocationV2.xlsx,revocation,OriginalDispositionCourtID
PK_BKG_NO,85416,14,0,0.0,0.0,revocationV2.xlsx,revocation,OriginalDispositionCourtID
pretrial_id,85459,15,0,0.0,0.0,revocationV2.xlsx,revocation,LatestDispositonCourtID
defendant_booking_id,85420,15,0,0.0,0.0,revocationV2.xlsx,revocation,LatestDispositonCourtID
person_mni,66177,15,0,0.0,0.0,revocationV2.xlsx,revocation,LatestDispositonCourtID
PK_BKG_NO,85416,15,0,0.0,0.0,revocationV2.xlsx,revocation,LatestDispositonCourtID
