file,sheet,column,value,count
revocationV2.xlsx,revocation,DispositionID,12.0,3331
revocationV2.xlsx,revocation,DispositionID,,2333
revocationV2.xlsx,revocation,DispositionID,13.0,2270
revocationV2.xlsx,revocation,DispositionID,102.0,1751
revocationV2.xlsx,revocation,DispositionID,76.0,1380
revocationV2.xlsx,revocation,DispositionID,6.0,1350
revocationV2.xlsx,revocation,DispositionID,113.0,1174
revocationV2.xlsx,revocation,DispositionID,137.0,985
revocationV2.xlsx,revocation,DispositionID,89.0,832
revocationV2.xlsx,revocation,DispositionID,4.0,767
revocationV2.xlsx,revocation,DispositionID,75.0,676
revocationV2.xlsx,revocation,DispositionID,74.0,581
revocationV2.xlsx,revocation,DispositionID,5.0,542
revocationV2.xlsx,revocation,DispositionID,114.0,402
revocationV2.xlsx,revocation,DispositionID,90.0,194
revocationV2.xlsx,revocation,DispositionID,21.0,128
revocationV2.xlsx,revocation,DispositionID,22.0,94
revocationV2.xlsx,revocation,DispositionID,71.0,87
revocationV2.xlsx,revocation,DispositionID,7.0,67
revocationV2.xlsx,revocation,DispositionID,23.0,61
revocationV2.xlsx,revocation,DispositionID,79.0,48
revocationV2.xlsx,revocation,DispositionID,145.0,30
revocationV2.xlsx,revocation,DispositionID,138.0,24
revocationV2.xlsx,revocation,DispositionID,73.0,20
revocationV2.xlsx,revocation,DispositionID,99.0,18
revocationV2.xlsx,revocation,DispositionID,171.0,15
revocationV2.xlsx,revocation,DispositionID,81.0,13
revocationV2.xlsx,revocation,DispositionID,165.0,11
revocationV2.xlsx,revocation,DispositionID,78.0,10
revocationV2.xlsx,revocation,DispositionID,146.0,10
revocationV2.xlsx,revocation,DispositionTypeID,6.0,8753
revocationV2.xlsx,revocation,DispositionTypeID,5.0,8136
revocationV2.xlsx,revocation,DispositionTypeID,,2242
revocationV2.xlsx,revocation,DispositionTypeID,1.0,111
revocationV2.xlsx,revocation,DispositionTypeID,2.0,7
revocationV2.xlsx,revocation,DispositionTypeID,4.0,6
revocationV2.xlsx,revocation,DispositionTypeID,7.0,2
revocationV2.xlsx,revocation,DispositionTypeID,3.0,1
revocationV2.xlsx,revocation,DispositionMethodID,4.0,17016
revocationV2.xlsx,revocation,DispositionMethodID,,2242
revocationV2.xlsx,revocation,DispositionEventID,904.0,3580
revocationV2.xlsx,revocation,DispositionEventID,905.0,2475
revocationV2.xlsx,revocation,DispositionEventID,,2242
revocationV2.xlsx,revocation,DispositionEventID,4808.0,2060
revocationV2.xlsx,revocation,DispositionEventID,4810.0,1755
revocationV2.xlsx,revocation,DispositionEventID,937.0,1387
revocationV2.xlsx,revocation,DispositionEventID,902.0,1363
revocationV2.xlsx,revocation,DispositionEventID,4819.0,985
revocationV2.xlsx,revocation,DispositionEventID,903.0,770
revocationV2.xlsx,revocation,DispositionEventID,939.0,677
revocationV2.xlsx,revocation,DispositionEventID,4817.0,638
revocationV2.xlsx,revocation,DispositionEventID,938.0,578
revocationV2.xlsx,revocation,DispositionEventID,901.0,550
revocationV2.xlsx,revocation,DispositionEventID,900.0,67
revocationV2.xlsx,revocation,DispositionEventID,933.0,48
revocationV2.xlsx,revocation,DispositionEventID,934.0,13
revocationV2.xlsx,revocation,DispositionEventID,4842.0,12
revocationV2.xlsx,revocation,DispositionEventID,950.0,10
revocationV2.xlsx,revocation,DispositionEventID,907.0,6
revocationV2.xlsx,revocation,DispositionEventID,936.0,5
revocationV2.xlsx,revocation,DispositionEventID,931.0,5
revocationV2.xlsx,revocation,DispositionEventID,943.0,5
revocationV2.xlsx,revocation,DispositionEventID,942.0,5
revocationV2.xlsx,revocation,DispositionEventID,4834.0,4
revocationV2.xlsx,revocation,DispositionEventID,4820.0,4
revocationV2.xlsx,revocation,DispositionEventID,941.0,3
revocationV2.xlsx,revocation,DispositionEventID,4806.0,3
revocationV2.xlsx,revocation,DispositionEventID,4824.0,2
revocationV2.xlsx,revocation,DispositionEventID,917.0,1
revocationV2.xlsx,revocation,DispositionEventID,946.0,1
revocationV2.xlsx,revocation,OriginalDispositionID,20.0,6349
revocationV2.xlsx,revocation,OriginalDispositionID,72.0,4729
revocationV2.xlsx,revocation,OriginalDispositionID,101.0,3095
revocationV2.xlsx,revocation,OriginalDispositionID,16.0,1779
revocationV2.xlsx,revocation,OriginalDispositionID,141.0,1767
revocationV2.xlsx,revocation,OriginalDispositionID,98.0,1121
revocationV2.xlsx,revocation,OriginalDispositionID,140.0,120
revocationV2.xlsx,revocation,OriginalDispositionID,79.0,99
revocationV2.xlsx,revocation,OriginalDispositionID,78.0,57
revocationV2.xlsx,revocation,OriginalDispositionID,81.0,44
revocationV2.xlsx,revocation,OriginalDispositionID,84.0,17
revocationV2.xlsx,revocation,OriginalDispositionID,12.0,12
revocationV2.xlsx,revocation,OriginalDispositionID,171.0,9
revocationV2.xlsx,revocation,OriginalDispositionID,82.0,8
revocationV2.xlsx,revocation,OriginalDispositionID,83.0,7
revocationV2.xlsx,revocation,OriginalDispositionID,69.0,6
revocationV2.xlsx,revocation,OriginalDispositionID,,5
revocationV2.xlsx,revocation,OriginalDispositionID,87.0,4
revocationV2.xlsx,revocation,OriginalDispositionID,5.0,4
revocationV2.xlsx,revocation,OriginalDispositionID,6.0,3
revocationV2.xlsx,revocation,OriginalDispositionID,15.0,3
revocationV2.xlsx,revocation,OriginalDispositionID,13.0,3
revocationV2.xlsx,revocation,OriginalDispositionID,1.0,2
revocationV2.xlsx,revocation,OriginalDispositionID,68.0,2
revocationV2.xlsx,revocation,OriginalDispositionID,76.0,2
revocationV2.xlsx,revocation,OriginalDispositionID,113.0,2
revocationV2.xlsx,revocation,OriginalDispositionID,102.0,2
revocationV2.xlsx,revocation,OriginalDispositionID,26.0,1
revocationV2.xlsx,revocation,OriginalDispositionID,31.0,1
revocationV2.xlsx,revocation,OriginalDispositionID,74.0,1
revocationV2.xlsx,revocation,OriginalDispositionEvent,8010.0,6349
revocationV2.xlsx,revocation,OriginalDispositionEvent,8034.0,4729
revocationV2.xlsx,revocation,OriginalDispositionEvent,9002.0,3095
revocationV2.xlsx,revocation,OriginalDispositionEvent,8053.0,1779
revocationV2.xlsx,revocation,OriginalDispositionEvent,9011.0,1767
revocationV2.xlsx,revocation,OriginalDispositionEvent,9003.0,1121
revocationV2.xlsx,revocation,OriginalDispositionEvent,9012.0,120
revocationV2.xlsx,revocation,OriginalDispositionEvent,8036.0,99
revocationV2.xlsx,revocation,OriginalDispositionEvent,8061.0,57
revocationV2.xlsx,revocation,OriginalDispositionEvent,8037.0,44
revocationV2.xlsx,revocation,OriginalDispositionEvent,8046.0,17
revocationV2.xlsx,revocation,OriginalDispositionEvent,8007.0,12
revocationV2.xlsx,revocation,OriginalDispositionEvent,9038.0,9
revocationV2.xlsx,revocation,OriginalDispositionEvent,8039.0,8
revocationV2.xlsx,revocation,OriginalDispositionEvent,8045.0,7
revocationV2.xlsx,revocation,OriginalDispositionEvent,8030.0,6
revocationV2.xlsx,revocation,OriginalDispositionEvent,,5
revocationV2.xlsx,revocation,OriginalDispositionEvent,8044.0,4
revocationV2.xlsx,revocation,OriginalDispositionEvent,8004.0,4
revocationV2.xlsx,revocation,OriginalDispositionEvent,8005.0,3
revocationV2.xlsx,revocation,OriginalDispositionEvent,8074.0,3
revocationV2.xlsx,revocation,OriginalDispositionEvent,8008.0,3
revocationV2.xlsx,revocation,OriginalDispositionEvent,8000.0,2
revocationV2.xlsx,revocation,OriginalDispositionEvent,8031.0,2
revocationV2.xlsx,revocation,OriginalDispositionEvent,8040.0,2
revocationV2.xlsx,revocation,OriginalDispositionEvent,9004.0,2
revocationV2.xlsx,revocation,OriginalDispositionEvent,9006.0,2
revocationV2.xlsx,revocation,OriginalDispositionEvent,8015.0,1
revocationV2.xlsx,revocation,OriginalDispositionEvent,8019.0,1
revocationV2.xlsx,revocation,OriginalDispositionEvent,8041.0,1
revocationV2.xlsx,revocation,OriginalDispositionMethodID,5.0,12347
revocationV2.xlsx,revocation,OriginalDispositionMethodID,2.0,6055
revocationV2.xlsx,revocation,OriginalDispositionMethodID,1.0,801
revocationV2.xlsx,revocation,OriginalDispositionMethodID,3.0,53
revocationV2.xlsx,revocation,OriginalDispositionMethodID,,2
revocationV2.xlsx,revocation,OriginalDispositionPleaID,,12354
revocationV2.xlsx,revocation,OriginalDispositionPleaID,2.0,5967
revocationV2.xlsx,revocation,OriginalDispositionPleaID,1.0,871
revocationV2.xlsx,revocation,OriginalDispositionPleaID,3.0,63
revocationV2.xlsx,revocation,OriginalDispositionPleaID,5.0,3
revocationV2.xlsx,revocation,OriginalDispositionVerdictID,,18868
revocationV2.xlsx,revocation,OriginalDispositionVerdictID,1.0,342
revocationV2.xlsx,revocation,OriginalDispositionVerdictID,4.0,40
revocationV2.xlsx,revocation,OriginalDispositionVerdictID,2.0,6
revocationV2.xlsx,revocation,OriginalDispositionVerdictID,3.0,1
revocationV2.xlsx,revocation,OriginalDispositionVerdictID,6.0,1
revocationV2.xlsx,revocation,OriginalSentenceID,,12358
revocationV2.xlsx,revocation,OriginalSentenceID,20.0,6100
revocationV2.xlsx,revocation,OriginalSentenceID,4.0,463
revocationV2.xlsx,revocation,OriginalSentenceID,7.0,309
revocationV2.xlsx,revocation,OriginalSentenceID,3.0,9
revocationV2.xlsx,revocation,OriginalSentenceID,9.0,8
revocationV2.xlsx,revocation,OriginalSentenceID,16.0,6
revocationV2.xlsx,revocation,OriginalSentenceID,19.0,3
revocationV2.xlsx,revocation,OriginalSentenceID,15.0,1
revocationV2.xlsx,revocation,OriginalSentenceID,14.0,1
revocationV2.xlsx,revocation,LatestDispositionID,,3130
revocationV2.xlsx,revocation,LatestDispositionID,12.0,2284
revocationV2.xlsx,revocation,LatestDispositionID,102.0,2063
revocationV2.xlsx,revocation,LatestDispositionID,113.0,1844
revocationV2.xlsx,revocation,LatestDispositionID,76.0,1795
revocationV2.xlsx,revocation,LatestDispositionID,13.0,1729
revocationV2.xlsx,revocation,LatestDispositionID,6.0,1694
revocationV2.xlsx,revocation,LatestDispositionID,137.0,1096
revocationV2.xlsx,revocation,LatestDispositionID,4.0,953
revocationV2.xlsx,revocation,LatestDispositionID,75.0,686
revocationV2.xlsx,revocation,LatestDispositionID,74.0,663
revocationV2.xlsx,revocation,LatestDispositionID,5.0,608
revocationV2.xlsx,revocation,LatestDispositionID,114.0,561
revocationV2.xlsx,revocation,LatestDispositionID,72.0,37
revocationV2.xlsx,revocation,LatestDispositionID,7.0,34
revocationV2.xlsx,revocation,LatestDispositionID,171.0,19
revocationV2.xlsx,revocation,LatestDispositionID,79.0,10
revocationV2.xlsx,revocation,LatestDispositionID,84.0,8
revocationV2.xlsx,revocation,LatestDispositionID,83.0,6
revocationV2.xlsx,revocation,LatestDispositionID,78.0,6
revocationV2.xlsx,revocation,LatestDispositionID,20.0,5
revocationV2.xlsx,revocation,LatestDispositionID,87.0,5
revocationV2.xlsx,revocation,LatestDispositionID,136.0,3
revocationV2.xlsx,revocation,LatestDispositionID,98.0,3
revocationV2.xlsx,revocation,LatestDispositionID,101.0,3
revocationV2.xlsx,revocation,LatestDispositionID,51.0,2
revocationV2.xlsx,revocation,LatestDispositionID,95.0,2
revocationV2.xlsx,revocation,LatestDispositionID,147.0,2
revocationV2.xlsx,revocation,LatestDispositionID,37.0,1
revocationV2.xlsx,revocation,LatestDispositionID,81.0,1
revocationV2.xlsx,revocation,LatestDispositionMethodID,4.0,16217
revocationV2.xlsx,revocation,LatestDispositionMethodID,,3041
revocationV2.xlsx,revocation,LatestSentenceID,20.0,5549
revocationV2.xlsx,revocation,LatestSentenceID,,4847
revocationV2.xlsx,revocation,LatestSentenceID,16.0,3472
revocationV2.xlsx,revocation,LatestSentenceID,14.0,1592
revocationV2.xlsx,revocation,LatestSentenceID,4.0,1319
revocationV2.xlsx,revocation,LatestSentenceID,19.0,1277
revocationV2.xlsx,revocation,LatestSentenceID,7.0,979
revocationV2.xlsx,revocation,LatestSentenceID,9.0,137
revocationV2.xlsx,revocation,LatestSentenceID,3.0,60
revocationV2.xlsx,revocation,LatestSentenceID,18.0,14
revocationV2.xlsx,revocation,LatestSentenceID,15.0,4
revocationV2.xlsx,revocation,LatestSentenceID,2.0,3
revocationV2.xlsx,revocation,LatestSentenceID,5.0,2
revocationV2.xlsx,revocation,LatestSentenceID,11.0,2
revocationV2.xlsx,revocation,LatestSentenceID,8.0,1
revocationV2.xlsx,revocation,JailCaseTypeID,5.0,10504
revocationV2.xlsx,revocation,JailCaseTypeID,3.0,5768
revocationV2.xlsx,revocation,JailCaseTypeID,4.0,2946
revocationV2.xlsx,revocation,JailCaseTypeID,6.0,34
revocationV2.xlsx,revocation,JailCaseTypeID,1.0,3
revocationV2.xlsx,revocation,JailCaseTypeID,,2
revocationV2.xlsx,revocation,JailCaseTypeID,2.0,1
SentencingDataPost2013.xlsx,SentencingDataPost2013,SentenceTypeID,1.0,57600
SentencingDataPost2013.xlsx,SentencingDataPost2013,SentenceTypeID,2.0,17765
SentencingDataPost2013.xlsx,SentencingDataPost2013,SentenceTypeID,3.0,8842
SentencingDataPost2013.xlsx,SentencingDataPost2013,SentenceTypeID,,2
SentencingDataPost2013.xlsx,SentencingDataPost2013,SentenceUOMID,3.0,75365
SentencingDataPost2013.xlsx,SentencingDataPost2013,SentenceUOMID,2.0,8842
SentencingDataPost2013.xlsx,SentencingDataPost2013,SentenceUOMID,,2
SentencingDataPre2013.xlsx,SentencingDataPre2013,SentenceTypeID,1.0,46197
SentencingDataPre2013.xlsx,SentencingDataPre2013,SentenceTypeID,2.0,11821
SentencingDataPre2013.xlsx,SentencingDataPre2013,SentenceTypeID,3.0,5102
SentencingDataPre2013.xlsx,SentencingDataPre2013,SentenceTypeID,,2
SentencingDataPre2013.xlsx,SentencingDataPre2013,SentenceUOMID,3.0,58018
SentencingDataPre2013.xlsx,SentencingDataPre2013,SentenceUOMID,2.0,5102
SentencingDataPre2013.xlsx,SentencingDataPre2013,SentenceUOMID,,2
CaseData_v2.csv,,DispositionID,171.0,66206
CaseData_v2.csv,,DispositionID,147.0,44894
CaseData_v2.csv,,DispositionID,,32173
CaseData_v2.csv,,DispositionID,95.0,16793
CaseData_v2.csv,,DispositionID,73.0,14135
CaseData_v2.csv,,DispositionID,143.0,10963
CaseData_v2.csv,,DispositionID,84.0,10177
CaseData_v2.csv,,DispositionID,152.0,8299
CaseData_v2.csv,,DispositionID,87.0,7891
CaseData_v2.csv,,DispositionID,101.0,7743
CaseData_v2.csv,,DispositionID,37.0,6936
CaseData_v2.csv,,DispositionID,141.0,6603
CaseData_v2.csv,,DispositionID,20.0,6029
CaseData_v2.csv,,DispositionID,83.0,4877
CaseData_v2.csv,,DispositionID,26.0,4695
CaseData_v2.csv,,DispositionID,72.0,3682
CaseData_v2.csv,,DispositionID,1.0,3291
CaseData_v2.csv,,DispositionID,32.0,2270
CaseData_v2.csv,,DispositionID,98.0,1790
CaseData_v2.csv,,DispositionID,65.0,1770
CaseData_v2.csv,,DispositionID,189.0,1486
CaseData_v2.csv,,DispositionID,31.0,1259
CaseData_v2.csv,,DispositionID,150.0,1098
CaseData_v2.csv,,DispositionID,85.0,921
CaseData_v2.csv,,DispositionID,27.0,819
CaseData_v2.csv,,DispositionID,24.0,783
CaseData_v2.csv,,DispositionID,159.0,685
CaseData_v2.csv,,DispositionID,149.0,659
CaseData_v2.csv,,DispositionID,156.0,434
CaseData_v2.csv,,DispositionID,25.0,324
CaseData_v2.csv,,DispositionTypeID,1.0,115686
CaseData_v2.csv,,DispositionTypeID,4.0,65382
CaseData_v2.csv,,DispositionTypeID,7.0,32090
CaseData_v2.csv,,DispositionTypeID,,30326
CaseData_v2.csv,,DispositionTypeID,2.0,17030
CaseData_v2.csv,,DispositionTypeID,8.0,10867
CaseData_v2.csv,,DispositionTypeID,3.0,318
CaseData_v2.csv,,DispositionMethodID,2.0,168608
CaseData_v2.csv,,DispositionMethodID,1.0,36596
CaseData_v2.csv,,DispositionMethodID,5.0,34724
CaseData_v2.csv,,DispositionMethodID,,30326
CaseData_v2.csv,,DispositionMethodID,3.0,1445
CaseData_v2.csv,,DispositionEventID,4842.0,66988
CaseData_v2.csv,,DispositionEventID,4834.0,44957
CaseData_v2.csv,,DispositionEventID,,30326
CaseData_v2.csv,,DispositionEventID,4824.0,16806
CaseData_v2.csv,,DispositionEventID,941.0,15105
CaseData_v2.csv,,DispositionEventID,4830.0,10972
CaseData_v2.csv,,DispositionEventID,943.0,10910
CaseData_v2.csv,,DispositionEventID,907.0,8685
CaseData_v2.csv,,DispositionEventID,4806.0,8318
CaseData_v2.csv,,DispositionEventID,4837.0,8312
CaseData_v2.csv,,DispositionEventID,917.0,6950
CaseData_v2.csv,,DispositionEventID,4815.0,6620
CaseData_v2.csv,,DispositionEventID,942.0,6424
CaseData_v2.csv,,DispositionEventID,931.0,5523
CaseData_v2.csv,,DispositionEventID,912.0,4702
CaseData_v2.csv,,DispositionEventID,897.0,3293
CaseData_v2.csv,,DispositionEventID,918.0,2269
CaseData_v2.csv,,DispositionEventID,4807.0,1819
CaseData_v2.csv,,DispositionEventID,924.0,1772
CaseData_v2.csv,,DispositionEventID,4832.0,1596
CaseData_v2.csv,,DispositionEventID,916.0,1264
CaseData_v2.csv,,DispositionEventID,4882.0,1096
CaseData_v2.csv,,DispositionEventID,957.0,824
CaseData_v2.csv,,DispositionEventID,910.0,785
CaseData_v2.csv,,DispositionEventID,920.0,726
CaseData_v2.csv,,DispositionEventID,4839.0,691
CaseData_v2.csv,,DispositionEventID,4883.0,661
CaseData_v2.csv,,DispositionEventID,4835.0,438
CaseData_v2.csv,,DispositionEventID,911.0,321
CaseData_v2.csv,,DispositionEventID,4876.0,310
CaseData_v2.csv,,OriginalDispositionID,171.0,66982
CaseData_v2.csv,,OriginalDispositionID,147.0,44933
CaseData_v2.csv,,OriginalDispositionID,,31856
CaseData_v2.csv,,OriginalDispositionID,95.0,16856
CaseData_v2.csv,,OriginalDispositionID,87.0,14450
CaseData_v2.csv,,OriginalDispositionID,143.0,10985
CaseData_v2.csv,,OriginalDispositionID,101.0,8314
CaseData_v2.csv,,OriginalDispositionID,152.0,8305
CaseData_v2.csv,,OriginalDispositionID,84.0,8119
CaseData_v2.csv,,OriginalDispositionID,20.0,7152
CaseData_v2.csv,,OriginalDispositionID,37.0,6951
CaseData_v2.csv,,OriginalDispositionID,141.0,6614
CaseData_v2.csv,,OriginalDispositionID,83.0,6052
CaseData_v2.csv,,OriginalDispositionID,16.0,6004
CaseData_v2.csv,,OriginalDispositionID,72.0,4962
CaseData_v2.csv,,OriginalDispositionID,26.0,4692
CaseData_v2.csv,,OriginalDispositionID,1.0,3299
CaseData_v2.csv,,OriginalDispositionID,32.0,2274
CaseData_v2.csv,,OriginalDispositionID,98.0,1817
CaseData_v2.csv,,OriginalDispositionID,65.0,1778
CaseData_v2.csv,,OriginalDispositionID,31.0,1263
CaseData_v2.csv,,OriginalDispositionID,150.0,1085
CaseData_v2.csv,,OriginalDispositionID,85.0,982
CaseData_v2.csv,,OriginalDispositionID,27.0,810
CaseData_v2.csv,,OriginalDispositionID,24.0,772
CaseData_v2.csv,,OriginalDispositionID,159.0,736
CaseData_v2.csv,,OriginalDispositionID,149.0,658
CaseData_v2.csv,,OriginalDispositionID,156.0,435
CaseData_v2.csv,,OriginalDispositionID,25.0,324
CaseData_v2.csv,,OriginalDispositionID,160.0,310
CaseData_v2.csv,,OriginalDispositionEvent,9038.0,66983
CaseData_v2.csv,,OriginalDispositionEvent,9030.0,44943
CaseData_v2.csv,,OriginalDispositionEvent,,31856
CaseData_v2.csv,,OriginalDispositionEvent,9020.0,16856
CaseData_v2.csv,,OriginalDispositionEvent,8044.0,14450
CaseData_v2.csv,,OriginalDispositionEvent,9026.0,10985
CaseData_v2.csv,,OriginalDispositionEvent,9002.0,8314
CaseData_v2.csv,,OriginalDispositionEvent,9033.0,8305
CaseData_v2.csv,,OriginalDispositionEvent,8046.0,8119
CaseData_v2.csv,,OriginalDispositionEvent,8010.0,7152
CaseData_v2.csv,,OriginalDispositionEvent,8020.0,6951
CaseData_v2.csv,,OriginalDispositionEvent,9011.0,6614
CaseData_v2.csv,,OriginalDispositionEvent,8045.0,6052
CaseData_v2.csv,,OriginalDispositionEvent,8053.0,6004
CaseData_v2.csv,,OriginalDispositionEvent,8034.0,4962
CaseData_v2.csv,,OriginalDispositionEvent,8015.0,4692
CaseData_v2.csv,,OriginalDispositionEvent,8000.0,3299
CaseData_v2.csv,,OriginalDispositionEvent,8021.0,2274
CaseData_v2.csv,,OriginalDispositionEvent,9003.0,1817
CaseData_v2.csv,,OriginalDispositionEvent,8027.0,1778
CaseData_v2.csv,,OriginalDispositionEvent,8019.0,1263
CaseData_v2.csv,,OriginalDispositionEvent,9078.0,1085
CaseData_v2.csv,,OriginalDispositionEvent,8023.0,982
CaseData_v2.csv,,OriginalDispositionEvent,8072.0,810
CaseData_v2.csv,,OriginalDispositionEvent,8013.0,772
CaseData_v2.csv,,OriginalDispositionEvent,9035.0,736
CaseData_v2.csv,,OriginalDispositionEvent,9079.0,658
CaseData_v2.csv,,OriginalDispositionEvent,9031.0,435
CaseData_v2.csv,,OriginalDispositionEvent,8014.0,324
CaseData_v2.csv,,OriginalDispositionEvent,9072.0,310
CaseData_v2.csv,,OriginalDispositionMethodID,2.0,169601
CaseData_v2.csv,,OriginalDispositionMethodID,5.0,37756
CaseData_v2.csv,,OriginalDispositionMethodID,1.0,32143
CaseData_v2.csv,,OriginalDispositionMethodID,,31061
CaseData_v2.csv,,OriginalDispositionMethodID,3.0,1138
CaseData_v2.csv,,OriginalDispositionPleaID,,154394
CaseData_v2.csv,,OriginalDispositionPleaID,2.0,82649
CaseData_v2.csv,,OriginalDispositionPleaID,1.0,33296
CaseData_v2.csv,,OriginalDispositionPleaID,3.0,1341
CaseData_v2.csv,,OriginalDispositionPleaID,5.0,19
CaseData_v2.csv,,OriginalDispositionVerdictID,,240660
CaseData_v2.csv,,OriginalDispositionVerdictID,1.0,30488
CaseData_v2.csv,,OriginalDispositionVerdictID,4.0,251
CaseData_v2.csv,,OriginalDispositionVerdictID,2.0,152
CaseData_v2.csv,,OriginalDispositionVerdictID,5.0,99
CaseData_v2.csv,,OriginalDispositionVerdictID,3.0,42
CaseData_v2.csv,,OriginalDispositionVerdictID,6.0,7
CaseData_v2.csv,,OriginalSentenceID,20.0,169072
CaseData_v2.csv,,OriginalSentenceID,,69654
CaseData_v2.csv,,OriginalSentenceID,19.0,14389
CaseData_v2.csv,,OriginalSentenceID,16.0,8096
CaseData_v2.csv,,OriginalSentenceID,14.0,6036
CaseData_v2.csv,,OriginalSentenceID,4.0,2558
CaseData_v2.csv,,OriginalSentenceID,7.0,1689
CaseData_v2.csv,,OriginalSentenceID,9.0,60
CaseData_v2.csv,,OriginalSentenceID,5.0,38
CaseData_v2.csv,,OriginalSentenceID,12.0,34
CaseData_v2.csv,,OriginalSentenceID,15.0,33
CaseData_v2.csv,,OriginalSentenceID,3.0,27
CaseData_v2.csv,,OriginalSentenceID,11.0,8
CaseData_v2.csv,,OriginalSentenceID,18.0,3
CaseData_v2.csv,,OriginalSentenceID,1.0,1
CaseData_v2.csv,,OriginalSentenceID,13.0,1
CaseData_v2.csv,,LatestDispositionID,,258999
CaseData_v2.csv,,LatestDispositionID,102.0,1735
CaseData_v2.csv,,LatestDispositionID,113.0,1670
CaseData_v2.csv,,LatestDispositionID,12.0,1343
CaseData_v2.csv,,LatestDispositionID,137.0,1174
CaseData_v2.csv,,LatestDispositionID,114.0,916
CaseData_v2.csv,,LatestDispositionID,13.0,879
CaseData_v2.csv,,LatestDispositionID,6.0,847
CaseData_v2.csv,,LatestDispositionID,76.0,796
CaseData_v2.csv,,LatestDispositionID,75.0,558
CaseData_v2.csv,,LatestDispositionID,4.0,553
CaseData_v2.csv,,LatestDispositionID,5.0,462
CaseData_v2.csv,,LatestDispositionID,74.0,417
CaseData_v2.csv,,LatestDispositionID,147.0,161
CaseData_v2.csv,,LatestDispositionID,155.0,156
CaseData_v2.csv,,LatestDispositionID,171.0,123
CaseData_v2.csv,,LatestDispositionID,24.0,112
CaseData_v2.csv,,LatestDispositionID,37.0,95
CaseData_v2.csv,,LatestDispositionID,72.0,95
CaseData_v2.csv,,LatestDispositionID,150.0,89
CaseData_v2.csv,,LatestDispositionID,26.0,50
CaseData_v2.csv,,LatestDispositionID,84.0,48
CaseData_v2.csv,,LatestDispositionID,27.0,45
CaseData_v2.csv,,LatestDispositionID,159.0,42
CaseData_v2.csv,,LatestDispositionID,152.0,34
CaseData_v2.csv,,LatestDispositionID,149.0,32
CaseData_v2.csv,,LatestDispositionID,87.0,25
CaseData_v2.csv,,LatestDispositionID,101.0,22
CaseData_v2.csv,,LatestDispositionID,143.0,21
CaseData_v2.csv,,LatestDispositionID,31.0,20
CaseData_v2.csv,,LatestDispositionMethodID,,253629
CaseData_v2.csv,,LatestDispositionMethodID,4.0,18070
CaseData_v2.csv,,LatestSentenceID,,260355
CaseData_v2.csv,,LatestSentenceID,20.0,6108
CaseData_v2.csv,,LatestSentenceID,16.0,1679
CaseData_v2.csv,,LatestSentenceID,19.0,1041
CaseData_v2.csv,,LatestSentenceID,14.0,964
CaseData_v2.csv,,LatestSentenceID,4.0,813
CaseData_v2.csv,,LatestSentenceID,7.0,640
CaseData_v2.csv,,LatestSentenceID,9.0,57
CaseData_v2.csv,,LatestSentenceID,3.0,21
CaseData_v2.csv,,LatestSentenceID,18.0,11
CaseData_v2.csv,,LatestSentenceID,2.0,3
CaseData_v2.csv,,LatestSentenceID,15.0,2
CaseData_v2.csv,,LatestSentenceID,5.0,2
CaseData_v2.csv,,LatestSentenceID,11.0,2
CaseData_v2.csv,,LatestSentenceID,8.0,1
CaseData_v2.csv,,JailCaseTypeID,5.0,115349
CaseData_v2.csv,,JailCaseTypeID,3.0,79267
CaseData_v2.csv,,JailCaseTypeID,4.0,32741
CaseData_v2.csv,,JailCaseTypeID,2.0,27148
CaseData_v2.csv,,JailCaseTypeID,6.0,12507
CaseData_v2.csv,,JailCaseTypeID,1.0,3885
CaseData_v2.csv,,JailCaseTypeID,8.0,780
CaseData_v2.csv,,JailCaseTypeID,7.0,22
